Code,DisclosedDate,FiscalPeriodEnd,TypeOfDocument,CurPerType,OperatingProfit,OperatingProfitPriorYear,Sales,NP,Eq,EqAR,NxFOP,EarningsGrowth,SalesPriorYear,SalesGrowth,OperatingMargin,ROE,EquityRatio,ForwardGuidance,ScaleCat
13010,2026-08-07,2026-06-30,1QFinancialStatements_Consolidated_JP,1Q,3057000000.0,2607000000.0,86287000000.0,2143000000.0,79978000000.0,0.372,,0.17261219792865368,76030000000.0,0.13490727344469278,0.035428280042184804,0.026794868588861938,0.0037199999999999998,,TOPIX Small 1
13810,2026-08-07,2026-06-30,FYFinancialStatements_Consolidated_JP,FY,3905000000.0,2121000000.0,29244000000.0,2925000000.0,24084000000.0,0.846,2500000000.0,0.8411126826968411,26426000000.0,0.10663740255808674,0.13353166461496374,0.12144992526158445,0.00846,-0.3597951344430218,-
13820,2026-08-07,2026-06-30,FYFinancialStatements_Consolidated_JP,FY,-22000000.0,38000000.0,2372000000.0,-27000000.0,690000000.0,0.629,28000000.0,-1.5789473684210527,2412000000.0,-0.016583747927031545,-0.00927487352445194,-0.0391304347826087,0.0062900000000000005,0.2727272727272727,-
14170,2026-08-07,2026-06-30,1QFinancialStatements_Consolidated_JP,1Q,2804000000.0,1027000000.0,130033000000.0,1857000000.0,284779000000.0,0.543,,1.730282375851996,121374000000.0,0.07134147346219133,0.02156375689248114,0.006520845989346125,0.005430000000000001,,TOPIX Mid400
14200,2026-08-07,2026-06-30,1QFinancialStatements_Consolidated_JP,1Q,-937000000.0,79000000.0,6326000000.0,-681000000.0,16162000000.0,0.345,,-12.860759493670885,10475000000.0,-0.39608591885441524,-0.14811887448624722,-0.04213587427298602,0.00345,,-
14290,2026-08-07,2026-06-30,2QFinancialStatements_NonConsolidated_JP,2Q,1179000000.0,1091000000.0,16972000000.0,755000000.0,11278000000.0,0.441,,0.08065994500458284,15983000000.0,0.061878245635988316,0.0694673580014141,0.06694449370455754,0.00441,,-
14380,2026-08-07,2026-06-30,3QFinancialStatements_Consolidated_JP,3Q,562000000.0,489000000.0,4940000000.0,398000000.0,4546000000.0,0.764,,0.1492842535787322,4601000000.0,0.07367963486198659,0.11376518218623481,0.08754949406071272,0.00764,,-
14460,2026-08-07,2026-06-30,3QFinancialStatements_Consolidated_JP,3Q,406000000.0,316000000.0,11123000000.0,173000000.0,3098000000.0,0.478,,0.28481012658227844,10305000000.0,0.07937894226103825,0.03650094398993078,0.055842479018721754,0.0047799999999999995,,-
15180,2026-08-07,2026-06-30,1QFinancialStatements_Consolidated_JP,1Q,2829000000.0,2622000000.0,17712000000.0,3378000000.0,58087000000.0,0.444,,0.07894736842105265,15374000000.0,0.1520749317028749,0.1597222222222222,0.05815414808821251,0.00444,,TOPIX Small 1
16050,2026-08-07,2026-06-30,2QFinancialStatements_Consolidated_IFRS,2Q,618713000000.0,616882000000.0,1000495000000.0,263147000000.0,5350952000000.0,0.608,,0.002968152742339747,1048867000000.0,-0.04611833530848053,0.6184068885901479,0.04917760428424699,0.0060799999999999995,,TOPIX Mid400
167A0,2026-08-07,2026-06-30,1QFinancialStatements_Consolidated_JP,1Q,3872000000.0,1482000000.0,98656000000.0,2787000000.0,138395000000.0,0.523,,1.612685560053981,82330000000.0,0.19829952629661118,0.039247486214725916,0.02013801076628491,0.00523,,TOPIX Small 1
17170,2026-08-07,2026-06-30,1QFinancialStatements_NonConsolidated_JP,1Q,384000000.0,361000000.0,1479000000.0,278000000.0,5834000000.0,0.686,,0.06371191135734078,1405000000.0,0.05266903914590748,0.25963488843813387,0.04765169694892012,0.006860000000000001,,-
17210,2026-08-07,2026-06-30,1QFinancialStatements_Consolidated_JP,1Q,9905000000.0,7639000000.0,139329000000.0,8538000000.0,403896000000.0,0.718,,0.296635685299123,128268000000.0,0.0862335110861634,0.07109072770205772,0.021139105116168518,0.00718,,TOPIX Mid400
17360,2026-08-07,2026-06-30,1QFinancialStatements_Consolidated_JP,1Q,422000000.0,522000000.0,6425000000.0,340000000.0,27159000000.0,0.69,,-0.1915708812260536,6485000000.0,-0.009252120277563614,0.06568093385214008,0.012518870356051402,0.0069,,-
17380,2026-08-07,2026-06-30,1QFinancialStatements_Consolidated_JP,1Q,33000000.0,48000000.0,2544000000.0,20000000.0,4877000000.0,0.65,,-0.3125,2637000000.0,-0.03526734926052333,0.012971698113207548,0.004100881689563256,0.006500000000000001,,
17680,2026-08-07,2026-06-30,1QFinancialStatements_Consolidated_JP,1Q,148000000.0,258000000.0,4430000000.0,131000000.0,10275000000.0,0.724,,-0.4263565891472868,4544000000.0,-0.02508802816901412,0.033408577878103835,0.012749391727493918,0.00724,,-
17700,2026-08-07,2026-06-30,1QFinancialStatements_Consolidated_JP,1Q,450000000.0,246000000.0,6451000000.0,341000000.0,22259000000.0,0.682,,0.8292682926829269,5331000000.0,0.2100919152129057,0.06975662687955356,0.015319645985893346,0.0068200000000000005,,-
17710,2026-08-07,2026-06-30,3QFinancialStatements_Consolidated_JP,3Q,644000000.0,703000000.0,14748000000.0,441000000.0,9648000000.0,0.691,,-0.08392603129445231,13476000000.0,0.09439002671415841,0.04366693788988337,0.0457089552238806,0.0069099999999999995,,
17860,2026-08-07,2026-06-30,1QFinancialStatements_Consolidated_JP,1Q,434000000.0,2009000000.0,15175000000.0,424000000.0,52618000000.0,0.668,,-0.7839721254355401,18302000000.0,-0.1708556441918916,0.028599670510708403,0.00805807898437797,0.00668,,TOPIX Small 2
17980,2026-08-07,2026-06-30,1QFinancialStatements_Consolidated_JP,1Q,534000000.0,1007000000.0,10153000000.0,381000000.0,18800000000.0,0.539,,-0.46971201588877853,13265000000.0,-0.23460233697700716,0.05259529203191175,0.02026595744680851,0.005390000000000001,,-
18020,2026-08-07,2026-06-30,1QFinancialStatements_Consolidated_JP,1Q,32700000000.0,15798000000.0,623429000000.0,39091000000.0,1299742000000.0,0.406,,1.069882263577668,523763000000.0,0.19028835561122115,0.05245184295244527,0.030075968923063193,0.00406,,TOPIX Mid400
18100,2026-08-07,2026-06-30,1QFinancialStatements_Consolidated_JP,1Q,1327000000.0,1145000000.0,20264000000.0,1163000000.0,57656000000.0,0.64,,0.15895196506550224,22563000000.0,-0.10189247883703412,0.06548559020923805,0.020171361176633828,0.0064,,TOPIX Small 2
18110,2026-08-07,2026-06-30,1QFinancialStatements_Consolidated_JP,1Q,-494000000.0,2103000000.0,24573000000.0,55000000.0,118108000000.0,0.54,,-1.234902520209225,32263000000.0,-0.23835353190961783,-0.020103365482440076,0.0004656754834558201,0.0054,,-
18200,2026-08-07,2026-06-30,1QFinancialStatements_Consolidated_JP,1Q,6992000000.0,3029000000.0,102629000000.0,4651000000.0,201347000000.0,0.295,,1.308352591614394,82907000000.0,0.23788099919186556,0.06812889144393884,0.02309942537013216,0.00295,,TOPIX Mid400
18220,2026-08-07,2026-06-30,1QFinancialStatements_Consolidated_JP,1Q,1011000000.0,4000000.0,34674000000.0,188000000.0,70614000000.0,0.448,,251.75,31076000000.0,0.11578066675247789,0.029157293649420313,0.002662361571359787,0.0044800000000000005,,TOPIX Small 2
18270,2026-08-07,2026-06-30,1QFinancialStatements_Consolidated_JP,1Q,1293000000.0,335000000.0,33491000000.0,865000000.0,51479000000.0,0.547,,2.8597014925373134,24134000000.0,0.3877102842462916,0.038607387059209936,0.016802968200625497,0.00547,,-
18280,2026-08-07,2026-06-30,1QFinancialStatements_Consolidated_JP,1Q,1095000000.0,812000000.0,12822000000.0,744000000.0,27800000000.0,0.599,,0.34852216748768483,11654000000.0,0.10022309936502483,0.08540009358914366,0.026762589928057554,0.00599,,-
18330,2026-08-07,2026-06-30,1QFinancialStatements_Consolidated_JP,1Q,2627000000.0,4139000000.0,65363000000.0,3431000000.0,188784000000.0,0.456,,-0.36530562937907707,69792000000.0,-0.06345999541494729,0.040190933708673104,0.018174209678786336,0.00456,,TOPIX Small 1
18470,2026-08-07,2026-06-30,1QFinancialStatements_Consolidated_JP,1Q,2897000000.0,1641000000.0,24319000000.0,1955000000.0,40997000000.0,0.561,,0.765386959171237,22179000000.0,0.09648766851526225,0.11912496401990214,0.04768641607922531,0.00561,,-
18480,2026-08-07,2026-06-30,1QFinancialStatements_Consolidated_JP,1Q,824000000.0,351000000.0,8280000000.0,536000000.0,13267000000.0,0.359,,1.3475783475783474,8146000000.0,0.01644979130861768,0.09951690821256039,0.04040099494987563,0.00359,,-
18530,2026-08-07,2026-06-30,1QFinancialStatements_NonConsolidated_JP,1Q,402000000.0,293000000.0,5340000000.0,254000000.0,15356000000.0,0.626,,0.3720136518771331,6734000000.0,-0.207009207009207,0.07528089887640449,0.016540765824433448,0.00626,,-
18600,2026-08-07,2026-06-30,1QFinancialStatements_Consolidated_JP,1Q,7425000000.0,4059000000.0,155359000000.0,11795000000.0,493663000000.0,0.436,,0.8292682926829269,131339000000.0,0.18288551001606534,0.04779253213524804,0.023892817569880667,0.00436,,TOPIX Mid400
18610,2026-08-07,2026-06-30,1QFinancialStatements_Consolidated_JP,1Q,2867000000.0,2017000000.0,100018000000.0,1432000000.0,183943000000.0,0.431,,0.421417947446703,105370000000.0,-0.05079244566764729,0.028664840328740827,0.0077850203595679094,0.00431,,TOPIX Small 1
18700,2026-08-07,2026-06-30,1QFinancialStatements_Consolidated_JP,1Q,1540000000.0,3647000000.0,31596000000.0,2953000000.0,75944000000.0,0.602,,-0.5777351247600768,41153000000.0,-0.23223094306611913,0.04874034687935182,0.03888391446328874,0.00602,,TOPIX Small 1
18920,2026-08-07,2026-06-30,1QFinancialStatements_Consolidated_JP,1Q,883000000.0,314000000.0,16964000000.0,585000000.0,23128000000.0,0.441,,1.8121019108280256,13976000000.0,0.2137950772753292,0.052051402970997404,0.025294015911449325,0.00441,,
18930,2026-08-07,2026-06-30,1QFinancialStatements_Consolidated_JP,1Q,11110000000.0,10278000000.0,182197000000.0,7112000000.0,192514000000.0,0.245,,0.08094960108970617,174141000000.0,0.04626136291855443,0.06097795243609939,0.03694276779870555,0.00245,,TOPIX Mid400
18970,2026-08-07,2026-06-30,2QFinancialStatements_Consolidated_JP,2Q,195000000.0,42000000.0,4849000000.0,276000000.0,20851000000.0,0.82,,3.6428571428571432,3847000000.0,0.26046269820639467,0.040214477211796246,0.013236775214618003,0.008199999999999999,,-
19050,2026-08-07,2026-06-30,1QFinancialStatements_Consolidated_JP,1Q,-30000000.0,397000000.0,4941000000.0,16000000.0,13682000000.0,0.682,,-1.0755667506297228,5175000000.0,-0.045217391304347876,-0.006071645415907711,0.00116941967548604,0.0068200000000000005,,-
19110,2026-08-07,2026-06-30,2QFinancialStatements_Consolidated_JP,2Q,59921000000.0,82951000000.0,1263248000000.0,26885000000.0,1240832000000.0,0.305,,-0.27763378380007475,1074750000000.0,0.1753877645964177,0.04743407470267121,0.02166691381266763,0.0030499999999999998,,TOPIX Mid400
19210,2026-08-07,2026-06-30,1QFinancialStatements_Consolidated_JP,1Q,1015000000.0,733000000.0,6819000000.0,1067000000.0,77148000000.0,0.606,,0.38472032742155515,6774000000.0,0.006643046944198483,0.14884880481008947,0.013830559444185202,0.006059999999999999,,-
19290,2026-08-07,2026-06-30,1QFinancialStatements_Consolidated_JP,1Q,765000000.0,503000000.0,18529000000.0,466000000.0,37294000000.0,0.622,,0.5208747514910537,17297000000.0,0.07122622420072844,0.04128663176642021,0.012495307556175256,0.00622,,TOPIX Small 2
19510,2026-08-07,2026-06-30,1QFinancialStatements_Consolidated_JP,1Q,10690000000.0,5644000000.0,155722000000.0,6907000000.0,347938000000.0,0.548,,0.8940467753366408,138599000000.0,0.12354345990952309,0.06864797523792399,0.019851237864217188,0.0054800000000000005,,TOPIX Mid400
19520,2026-08-07,2026-06-30,1QFinancialStatements_Consolidated_JP,1Q,955000000.0,1973000000.0,35513000000.0,2739000000.0,81026000000.0,0.662,,-0.5159655347187024,30632000000.0,0.1593431705406112,0.026891560836876636,0.03380396415965246,0.00662,,TOPIX Small 1
19610,2026-08-07,2026-06-30,1QFinancialStatements_Consolidated_JP,1Q,4567000000.0,2211000000.0,53424000000.0,4376000000.0,118588000000.0,0.604,,1.06558118498417,49747000000.0,0.07391400486461497,0.08548592392932015,0.03690086686679934,0.00604,,TOPIX Small 1
19630,2026-08-07,2026-06-30,1QFinancialStatements_Consolidated_JP,1Q,12355000000.0,7899000000.0,159299000000.0,11617000000.0,427059000000.0,0.5,,0.5641220407646537,189821000000.0,-0.16079358975034375,0.07755855341213692,0.027202330357163764,0.005,,TOPIX Mid400
19790,2026-08-07,2026-06-30,1QFinancialStatements_Consolidated_JP,1Q,3547000000.0,3983000000.0,61399000000.0,2034000000.0,183713000000.0,0.605,,-0.10946522721566654,64058000000.0,-0.04150925723563026,0.05776967051580645,0.011071617141955115,0.00605,,TOPIX Small 1
19920,2026-08-07,2026-06-30,1QFinancialStatements_Consolidated_JP,1Q,-75000000.0,-4000000.0,1259000000.0,-44000000.0,6139000000.0,0.668,,17.75,1350000000.0,-0.06740740740740736,-0.059571088165210485,-0.007167291089754032,0.00668,,-
19940,2026-08-07,2026-06-30,2QFinancialStatements_Consolidated_JP,2Q,586000000.0,-95000000.0,4208000000.0,438000000.0,11147000000.0,0.869,,9.99,3448000000.0,0.2204176334106729,0.13925855513307986,0.039293083340809186,0.00869,,-
20020,2026-08-07,2026-06-30,1QFinancialStatements_Consolidated_JP,1Q,11197000000.0,11296000000.0,217681000000.0,9349000000.0,535809000000.0,0.614,,-0.008764164305949063,215364000000.0,0.01075852974498992,0.05143765418203702,0.017448381792765706,0.00614,,TOPIX Mid400
20040,2026-08-07,2026-06-30,1QFinancialStatements_Consolidated_JP,1Q,3479000000.0,3534000000.0,92379000000.0,2891000000.0,155371000000.0,0.544,,-0.01556310130164118,84647000000.0,0.09134405235861864,0.03766007425930135,0.018607075966557467,0.00544,,TOPIX Small 2
20090,2026-08-07,2026-06-30,2QFinancialStatements_Consolidated_JP,2Q,769000000.0,780000000.0,13139000000.0,703000000.0,37194000000.0,0.792,,-0.014102564102564052,13419000000.0,-0.02086593635889411,0.05852804627445011,0.018900897994300156,0.00792,,-
21120,2026-08-07,2026-06-30,1QFinancialStatements_Consolidated_JP,1Q,831000000.0,699000000.0,8637000000.0,800000000.0,22002000000.0,0.655,,0.18884120171673824,8788000000.0,-0.017182521620391467,0.0962139631816603,0.036360330879011,0.00655,,-
21140,2026-08-07,2026-06-30,1QFinancialStatements_Consolidated_JP,1Q,984000000.0,756000000.0,7274000000.0,793000000.0,27845000000.0,0.729,,0.3015873015873016,7107000000.0,0.023497959757985187,0.1352763266428375,0.02847908062488777,0.00729,,-
21390,2026-08-07,2026-06-30,1QFinancialStatements_Consolidated_JP,1Q,78000000.0,-27000000.0,3057000000.0,45000000.0,2245000000.0,0.361,,9.99,2648000000.0,0.15445619335347427,0.02551521099116781,0.0200445434298441,0.00361,,-
21460,2026-08-07,2026-06-30,1QFinancialStatements_Consolidated_JP,1Q,3506000000.0,2462000000.0,42247000000.0,2238000000.0,31915000000.0,0.401,,0.4240454914703493,41756000000.0,0.011758789156049332,0.0829881411697872,0.07012376625411249,0.0040100000000000005,,TOPIX Small 1
21540,2026-08-07,2026-06-30,FYFinancialStatements_Consolidated_IFRS,FY,16695000000.0,16244000000.0,167483000000.0,11829000000.0,80293000000.0,0.62,17700000000.0,0.027764097512927854,187954000000.0,-0.10891494727433304,0.09968175874566373,0.14732292976971842,0.0062,0.06019766397124893,TOPIX Small 1
21620,2026-08-07,2026-06-30,1QFinancialStatements_Consolidated_JP,1Q,420000000.0,392000000.0,21283000000.0,100000000.0,5157000000.0,0.135,,0.0714285714285714,19139000000.0,0.11202257171221075,0.019734060047925574,0.01939111886755866,0.00135,,-
21690,2026-08-07,2026-06-30,2QFinancialStatements_Consolidated_JP,2Q,239000000.0,460000000.0,4113000000.0,159000000.0,8871000000.0,0.808,,-0.48043478260869565,4653000000.0,-0.11605415860735013,0.058108436664235354,0.017923571187013865,0.00808,,-
21790,2026-08-07,2026-06-30,1QFinancialStatements_Consolidated_JP,1Q,-521000000.0,-554000000.0,2992000000.0,-340000000.0,3927000000.0,0.409,,-0.05956678700361007,2796000000.0,0.07010014306151646,-0.17413101604278075,-0.08658008658008658,0.00409,,-
21810,2026-08-07,2026-06-30,1QFinancialStatements_Consolidated_IFRS,1Q,18880000000.0,15400000000.0,424017000000.0,12190000000.0,240875000000.0,0.353,,0.22597402597402594,373669000000.0,0.13473956897682182,0.04452651662551266,0.05060716139076284,0.0035299999999999997,,TOPIX Mid400
21930,2026-08-07,2026-06-30,2QFinancialStatements_Consolidated_IFRS,2Q,3000000.0,161000000.0,2510000000.0,524000000.0,13281000000.0,0.923,,-0.9813664596273292,2723000000.0,-0.07822254865956668,0.001195219123505976,0.03945486032678262,0.00923,,TOPIX Small 2
22040,2026-08-07,2026-06-30,1QFinancialStatements_NonConsolidated_JP,1Q,-1201000000.0,-1144000000.0,5489000000.0,-827000000.0,27806000000.0,0.579,,0.04982517482517479,5660000000.0,-0.030212014134275655,-0.218801238841319,-0.02974178234913328,0.00579,,TOPIX Small 2
22090,2026-08-07,2026-06-30,1QFinancialStatements_Consolidated_JP,1Q,257000000.0,345000000.0,11569000000.0,227000000.0,25158000000.0,0.522,,-0.255072463768116,10848000000.0,0.06646386430678475,0.02221453885383352,0.009022974799268623,0.00522,,TOPIX Small 2
22640,2026-08-07,2026-06-30,1QFinancialStatements_Consolidated_JP,1Q,9977000000.0,8835000000.0,147099000000.0,6678000000.0,282023000000.0,0.483,,0.12925863044708552,143678000000.0,0.023810186667408972,0.06782507019082387,0.023678919804413116,0.00483,,TOPIX Mid400
22700,2026-08-07,2026-06-30,1QFinancialStatements_Consolidated_JP,1Q,3678000000.0,3476000000.0,155129000000.0,14539000000.0,247282000000.0,0.579,,0.05811277330264675,152395000000.0,0.01794022113586413,0.023709300001933876,0.058795221649776366,0.00579,,TOPIX Small 1
22860,2026-08-07,2026-06-30,1QFinancialStatements_Consolidated_JP,1Q,-214000000.0,391000000.0,10439000000.0,-54000000.0,13178000000.0,0.43,,-1.547314578005115,10964000000.0,-0.047883983947464404,-0.020500047897308173,-0.004097738655334649,0.0043,,-
23110,2026-08-07,2026-06-30,2QFinancialStatements_Consolidated_JP,2Q,209000000.0,218000000.0,3446000000.0,173000000.0,4694000000.0,0.852,,-0.041284403669724745,3351000000.0,0.028349746344374704,0.06065002901915264,0.036855560289731575,0.00852,,-
23490,2026-08-07,2026-06-30,1QFinancialStatements_Consolidated_JP,1Q,615000000.0,557000000.0,6402000000.0,435000000.0,24502000000.0,0.784,,0.10412926391382404,6018000000.0,0.06380857427716857,0.09606373008434864,0.01775365276303975,0.00784,,-
23780,2026-08-07,2026-06-30,1QFinancialStatements_Consolidated_JP,1Q,361000000.0,-280000000.0,16405000000.0,74000000.0,9569000000.0,0.166,,9.99,15560000000.0,0.05430591259640094,0.022005486132276746,0.00773330546556589,0.00166,,TOPIX Small 2
23840,2026-08-07,2026-06-30,2QFinancialStatements_Consolidated_JP,2Q,17948000000.0,6389000000.0,294258000000.0,10898000000.0,135133000000.0,0.293,,1.8092033182031617,228539000000.0,0.28756142277685637,0.06099409361852524,0.08064647421429258,0.00293,,TOPIX Small 1
24150,2026-08-07,2026-06-30,1QFinancialStatements_Consolidated_JP,1Q,607000000.0,646000000.0,26295000000.0,534000000.0,19351000000.0,0.371,,-0.06037151702786381,25626000000.0,0.02610629829079847,0.023084236546872028,0.02759547310216526,0.0037099999999999998,,-
24290,2026-08-07,2026-06-30,2QFinancialStatements_Consolidated_JP,2Q,4249000000.0,4975000000.0,138366000000.0,1903000000.0,52930000000.0,0.244,,-0.14592964824120602,131785000000.0,0.04993739803467778,0.030708411025830044,0.03595314566408464,0.00244,,TOPIX Small 2
24640,2026-08-07,2026-06-30,1QFinancialStatements_Consolidated_JP,1Q,135000000.0,75000000.0,1873000000.0,73000000.0,4606000000.0,0.548,,0.8,1825000000.0,0.02630136986301368,0.07207688200747464,0.0158488927485888,0.0054800000000000005,,-
24690,2026-08-07,2026-06-30,1QFinancialStatements_Consolidated_JP,1Q,641000000.0,817000000.0,14778000000.0,221000000.0,14817000000.0,0.313,,-0.21542227662178703,13861000000.0,0.06615684294062474,0.043375287589660305,0.014915299993250995,0.00313,,-
24750,2026-08-07,2026-06-30,1QFinancialStatements_Consolidated_JP,1Q,1181000000.0,1320000000.0,12803000000.0,684000000.0,34231000000.0,0.761,,-0.10530303030303034,12973000000.0,-0.013104139366376333,0.09224400531125518,0.01998188776255441,0.0076100000000000004,,TOPIX Small 2
24770,2026-08-07,2026-06-30,FYFinancialStatements_NonConsolidated_JP,FY,1747000000.0,1608000000.0,2414000000.0,1172000000.0,6658000000.0,0.932,1979000000.0,0.08644278606965172,2185000000.0,0.10480549199084677,0.723695111847556,0.17602883748873535,0.00932,0.13279908414424724,TOPIX Small 2
24800,2026-08-07,2026-06-30,1QFinancialStatements_Consolidated_JP,1Q,152000000.0,160000000.0,428000000.0,138000000.0,4084000000.0,0.84,,-0.050000000000000044,428000000.0,0.0,0.35514018691588783,0.03379040156709109,0.0084,,-
24830,2026-08-07,2026-06-30,1QFinancialStatements_Consolidated_JP,1Q,62000000.0,212000000.0,2454000000.0,36000000.0,6588000000.0,0.796,,-0.7075471698113207,2669000000.0,-0.08055451479955045,0.02526487367563162,0.00546448087431694,0.00796,,-
25010,2026-08-07,2026-06-30,2QFinancialStatements_Consolidated_IFRS,2Q,-5880000000.0,7167000000.0,235937000000.0,295447000000.0,514245000000.0,0.589,,-1.820426956885726,244696000000.0,-0.0357954359695295,-0.024921907119273366,0.5745257610671956,0.005889999999999999,,TOPIX Mid400
25030,2026-08-07,2026-06-30,2QFinancialStatements_Consolidated_IFRS,2Q,129042000000.0,68723000000.0,1217876000000.0,101720000000.0,1680673000000.0,0.4,,0.8777119741571235,1136309000000.0,0.07178241129833518,0.10595659985088794,0.06052337367233245,0.004,,TOPIX Large70
253A0,2026-08-07,2026-06-30,3QFinancialStatements_Consolidated_JP,3Q,949000000.0,555000000.0,8738000000.0,519000000.0,3862000000.0,0.408,,0.70990990990991,7997000000.0,0.09265974740527705,0.10860608834973678,0.13438632832729155,0.004079999999999999,,-
255A0,2026-08-07,2026-06-30,1QFinancialStatements_Consolidated_JP,1Q,1964000000.0,1288000000.0,12043000000.0,1345000000.0,49042000000.0,0.739,,0.5248447204968945,10454000000.0,0.15199923474268218,0.163082288466329,0.027425472044370132,0.00739,,-
256A0,2026-08-07,2026-06-30,1QFinancialStatements_Consolidated_JP,1Q,1624000000.0,1546000000.0,30243000000.0,1015000000.0,53176000000.0,0.365,,0.05045278137128073,29908000000.0,0.011201016450448131,0.05369837648381444,0.01908755829697608,0.00365,,TOPIX Small 2
26020,2026-08-07,2026-06-30,1QFinancialStatements_Consolidated_JP,1Q,6426000000.0,3763000000.0,152401000000.0,3439000000.0,223749000000.0,0.469,,0.7076800425192666,132070000000.0,0.15394109184523352,0.04216507765697076,0.015369901094530031,0.00469,,TOPIX Small 1
26070,2026-08-07,2026-06-30,1QFinancialStatements_Consolidated_IFRS,1Q,8946000000.0,4841000000.0,179807000000.0,5572000000.0,251723000000.0,0.385,,0.8479652964263582,181831000000.0,-0.011131215249324922,0.04975334664390152,0.02213544253008267,0.00385,,TOPIX Mid400
26130,2026-08-07,2026-06-30,1QFinancialStatements_Consolidated_JP,1Q,1573000000.0,1003000000.0,60178000000.0,1346000000.0,110534000000.0,0.65,,0.568295114656032,56290000000.0,0.06907088292769581,0.02613912060886038,0.012177248629381006,0.006500000000000001,,TOPIX Small 2
262A0,2026-08-07,2026-06-30,2QFinancialStatements_Consolidated_JP,2Q,4954000000.0,3699000000.0,43305000000.0,2906000000.0,27680000000.0,0.421,,0.3392808867261421,23970000000.0,0.8066332916145182,0.114397875534003,0.10498554913294798,0.00421,,TOPIX Small 2
268A0,2026-08-07,2026-06-30,2QFinancialStatements_Consolidated_IFRS,2Q,2579000000.0,5717000000.0,39565000000.0,1628000000.0,89193000000.0,0.475,,-0.5488892775931433,40756000000.0,-0.0292226911375012,0.06518387463667383,0.01825255345150404,0.00475,,TOPIX Small 1
26930,2026-08-07,2026-06-30,2QFinancialStatements_Consolidated_JP,2Q,138000000.0,-299000000.0,8934000000.0,36000000.0,8043000000.0,0.419,,9.99,4300000000.0,1.077674418604651,0.01544660846205507,0.004475941812756434,0.00419,,-
27020,2026-08-07,2026-06-30,2QFinancialStatements_Consolidated_JP,2Q,30200000000.0,26222000000.0,204058000000.0,19657000000.0,292664000000.0,0.809,,0.1517046754633513,203314000000.0,0.0036593643330020686,0.14799713806858833,0.0671657600524834,0.00809,,-
27330,2026-08-07,2026-06-30,1QFinancialStatements_Consolidated_JP,1Q,3095000000.0,4065000000.0,263755000000.0,2039000000.0,123872000000.0,0.348,,-0.23862238622386223,251192000000.0,0.05001353546291276,0.011734374703797084,0.016460539912167397,0.0034799999999999996,,TOPIX Small 1
27900,2026-08-07,2026-06-30,1QFinancialStatements_NonConsolidated_JP,1Q,1701000000.0,1823000000.0,47451000000.0,905000000.0,153065000000.0,0.678,,-0.06692265496434446,47064000000.0,0.008222845486996366,0.03584750584813808,0.005912520824486329,0.0067800000000000004,,-
27950,2026-08-07,2026-06-30,1QFinancialStatements_Consolidated_JP,1Q,149000000.0,76000000.0,1961000000.0,142000000.0,8637000000.0,0.757,,0.9605263157894737,1688000000.0,0.16172985781990512,0.07598164201937786,0.016440893828875768,0.00757,,-
28130,2026-08-07,2026-06-30,1QFinancialStatements_Consolidated_JP,1Q,282000000.0,241000000.0,4155000000.0,199000000.0,10353000000.0,0.618,,0.1701244813278009,3877000000.0,0.07170492648955373,0.06787003610108304,0.019221481696126728,0.00618,,-
28140,2026-08-07,2026-06-30,1QFinancialStatements_NonConsolidated_JP,1Q,363000000.0,221000000.0,1797000000.0,347000000.0,20769000000.0,0.876,,0.6425339366515836,1682000000.0,0.06837098692033283,0.2020033388981636,0.016707593047330157,0.00876,,-
28150,2026-08-07,2026-06-30,1QFinancialStatements_Consolidated_JP,1Q,2550000000.0,2606000000.0,15989000000.0,2086000000.0,133193000000.0,0.89,,-0.02148887183422865,15408000000.0,0.037707684319833845,0.15948464569391457,0.015661483711606465,0.0089,,TOPIX Small 1
28190,2026-08-07,2026-06-30,1QFinancialStatements_Consolidated_JP,1Q,818000000.0,680000000.0,12554000000.0,639000000.0,36557000000.0,0.734,,0.20294117647058818,12057000000.0,0.0412208675458241,0.06515851521427433,0.017479552479689252,0.00734,,TOPIX Small 2
28710,2026-08-07,2026-06-30,1QFinancialStatements_Consolidated_JP,1Q,8249000000.0,8688000000.0,229037000000.0,6919000000.0,308973000000.0,0.491,,-0.05052946593001839,170765000000.0,0.3412408865985419,0.03601601487969193,0.022393542477821687,0.00491,,TOPIX Mid400
287A0,2026-08-07,2026-06-30,1QFinancialStatements_Consolidated_IFRS,1Q,2137000000.0,847000000.0,34490000000.0,1215000000.0,43151000000.0,0.419,,1.5230224321133412,29090000000.0,0.18563080096253004,0.06195998840243549,0.028156937266807257,0.00419,,-
29030,2026-08-07,2026-06-30,1QFinancialStatements_Consolidated_JP,1Q,566000000.0,701000000.0,15554000000.0,412000000.0,14959000000.0,0.525,,-0.1925820256776034,15336000000.0,0.014214919144496685,0.03638935322103639,0.02754194799117588,0.00525,,-
29040,2026-08-07,2026-06-30,FYFinancialStatements_Consolidated_JP,FY,611000000.0,891000000.0,35542000000.0,326000000.0,15035000000.0,0.485,800000000.0,-0.31425364758698093,34579000000.0,0.027849272679950188,0.017190929041697146,0.02168274027269704,0.00485,0.3093289689034371,-
29110,2026-08-07,2026-06-30,1QFinancialStatements_Consolidated_JP,1Q,-55000000.0,28000000.0,1823000000.0,-3000000.0,8341000000.0,0.809,,-2.9642857142857144,1815000000.0,0.0044077134986226785,-0.030170049369171694,-0.00035966910442392997,0.00809,,-
29150,2026-08-07,2026-06-30,1QFinancialStatements_Consolidated_JP,1Q,726000000.0,762000000.0,23323000000.0,565000000.0,41481000000.0,0.647,,-0.047244094488189003,22675000000.0,0.02857772877618525,0.031128071002872702,0.013620693811624599,0.00647,,TOPIX Small 2
29160,2026-08-07,2026-06-30,1QFinancialStatements_Consolidated_JP,1Q,250000000.0,216000000.0,5146000000.0,206000000.0,12762000000.0,0.592,,0.15740740740740744,4804000000.0,0.07119067443796845,0.04858142246404975,0.016141670584547876,0.00592,,-
29310,2026-08-07,2026-06-30,2QFinancialStatements_Consolidated_JP,2Q,1871000000.0,1636000000.0,26507000000.0,73000000.0,31569000000.0,0.478,,0.14364303178484117,24553000000.0,0.07958294302121938,0.0705851284566341,0.0023123950711140674,0.0047799999999999995,,TOPIX Small 1
29320,2026-08-07,2026-06-30,2QFinancialStatements_Consolidated_JP,2Q,1106000000.0,1400000000.0,18923000000.0,759000000.0,10453000000.0,0.496,,-0.20999999999999996,18395000000.0,0.028703452025006904,0.05844739206256936,0.07261073376064288,0.00496,,-
29380,2026-08-07,2026-06-30,FYFinancialStatements_Consolidated_JP,FY,3873000000.0,3021000000.0,42726000000.0,2782000000.0,19719000000.0,0.325,4365000000.0,0.2820258192651439,35345000000.0,0.20882727401329748,0.0906473809858166,0.14108220497996857,0.0032500000000000003,0.12703330751355546,-
29610,2026-08-07,2026-06-30,3QFinancialStatements_NonConsolidated_JP,3Q,54000000.0,32000000.0,12384000000.0,10000000.0,7332000000.0,0.643,,0.6875,11486000000.0,0.07818213477276692,0.00436046511627907,0.001363884342607747,0.00643,,-
29700,2026-08-07,2026-06-30,2QFinancialStatements_Consolidated_JP,2Q,997000000.0,1470000000.0,13092000000.0,596000000.0,6441000000.0,0.32,,-0.32176870748299324,11474000000.0,0.14101446749172042,0.07615337610754659,0.09253221549448844,0.0032,,-
29740,2026-08-07,2026-06-30,3QFinancialStatements_Consolidated_JP,3Q,-80000000.0,-111000000.0,21175000000.0,-377000000.0,8381000000.0,0.166,,-0.2792792792792793,22369000000.0,-0.05337744199561889,-0.0037780401416765055,-0.04498269896193772,0.00166,,
30200,2026-08-07,2026-06-30,1QFinancialStatements_Consolidated_JP,1Q,645000000.0,566000000.0,11002000000.0,440000000.0,14136000000.0,0.643,,0.13957597173144887,9712000000.0,0.13282537067545297,0.05862570441737866,0.0311262026032824,0.00643,,-
30230,2026-08-07,2026-06-30,1QFinancialStatements_Consolidated_JP,1Q,395000000.0,290000000.0,6577000000.0,263000000.0,23385000000.0,0.742,,0.3620689655172413,5766000000.0,0.14065209850849802,0.060057777102022196,0.011246525550566603,0.0074199999999999995,,TOPIX Small 2
30340,2026-08-07,2026-06-30,1QFinancialStatements_Consolidated_JP,1Q,6183000000.0,3592000000.0,73912000000.0,3002000000.0,61535000000.0,0.363,,0.721325167037862,71730000000.0,0.03041962916492391,0.08365353393224374,0.04878524416998456,0.00363,,TOPIX Small 1
30550,2026-08-07,2026-06-30,1QFinancialStatements_Consolidated_JP,1Q,361000000.0,464000000.0,76302000000.0,396000000.0,64197000000.0,0.403,,-0.2219827586206896,74003000000.0,0.03106630812264366,0.0047311997064297135,0.006168512547315295,0.004030000000000001,,
30690,2026-08-07,2026-06-30,1QFinancialStatements_Consolidated_JP,1Q,471000000.0,386000000.0,16357000000.0,374000000.0,10194000000.0,0.208,,0.22020725388601026,16079000000.0,0.017289632439828395,0.028795011310142445,0.03668824798901314,0.00208,,-
31060,2026-08-07,2026-06-30,1QFinancialStatements_Consolidated_JP,1Q,2852000000.0,2159000000.0,37620000000.0,3796000000.0,136948000000.0,0.654,,0.32098193608151915,35744000000.0,0.052484333034914954,0.0758107389686337,0.02771855010660981,0.006540000000000001,,TOPIX Small 1
31090,2026-08-07,2026-06-30,1QFinancialStatements_Consolidated_JP,1Q,408000000.0,245000000.0,12196000000.0,186000000.0,36236000000.0,0.386,,0.6653061224489796,9486000000.0,0.28568416613957415,0.033453591341423415,0.0051330168892813775,0.00386,,TOPIX Small 2
31110,2026-08-07,2026-03-31,FYFinancialStatements_Consolidated_JP,FY,-23000000.0,235000000.0,2891000000.0,-461000000.0,1435000000.0,0.095,280000000.0,-1.097872340425532,3407000000.0,-0.15145289110654536,-0.007955724662746454,-0.32125435540069686,0.00095,11.173913043478262,-
31230,2026-08-07,2026-06-30,1QFinancialStatements_Consolidated_JP,1Q,328000000.0,344000000.0,2477000000.0,460000000.0,22456000000.0,0.464,,-0.046511627906976716,2824000000.0,-0.12287535410764872,0.1324182478805006,0.020484503028143926,0.00464,,-
31560,2026-08-07,2026-06-30,1QFinancialStatements_Consolidated_JP,1Q,9640000000.0,1641000000.0,191420000000.0,5430000000.0,114322000000.0,0.251,,4.874466788543571,133529000000.0,0.4335462708475313,0.05036046390136872,0.04749741956928675,0.00251,,TOPIX Small 2
31760,2026-08-07,2026-06-30,3QFinancialStatements_Consolidated_JP,3Q,6557000000.0,5532000000.0,107535000000.0,5406000000.0,55816000000.0,0.638,,0.18528561099060004,98807000000.0,0.08833382250245436,0.060975496350025575,0.09685394868854809,0.00638,,TOPIX Small 2
31790,2026-08-07,2026-06-30,1QFinancialStatements_NonConsolidated_JP,1Q,260000000.0,421000000.0,11706000000.0,2000000.0,9259000000.0,0.482,,-0.38242280285035635,12176000000.0,-0.038600525624178705,0.022210832051939175,0.00021600604816934875,0.00482,,TOPIX Small 2
32050,2026-08-07,2026-06-30,1QFinancialStatements_Consolidated_JP,1Q,434000000.0,-150000000.0,9719000000.0,3000000.0,10640000000.0,0.247,,9.99,6639000000.0,0.4639252899533062,0.04465479987653051,0.00028195488721804513,0.00247,,-
32210,2026-08-07,2026-06-30,1QFinancialStatements_Consolidated_JP,1Q,616000000.0,555000000.0,6632000000.0,479000000.0,13597000000.0,0.794,,0.1099099099099099,6007000000.0,0.10404528050607631,0.09288299155609167,0.035228359196881665,0.007940000000000001,,TOPIX Small 2
32380,2026-08-07,2026-06-30,1QFinancialStatements_Consolidated_JP,1Q,488000000.0,-303000000.0,9021000000.0,189000000.0,10493000000.0,0.235,,9.99,5119000000.0,0.7622582535651494,0.054095998226360714,0.01801200800533689,0.0023499999999999997,,-
32760,2026-08-07,2026-06-30,2QFinancialStatements_Consolidated_JP,2Q,1512000000.0,1444000000.0,30030000000.0,1023000000.0,9812000000.0,0.548,,0.047091412742382266,29221000000.0,0.027685568597926258,0.05034965034965035,0.10426008968609865,0.0054800000000000005,,TOPIX Small 2
32840,2026-08-07,2026-06-30,1QFinancialStatements_Consolidated_JP,1Q,234000000.0,-806000000.0,14522000000.0,-306000000.0,53412000000.0,0.262,,9.99,9712000000.0,0.49526359143327836,0.016113482991323508,-0.005729049651763648,0.00262,,TOPIX Small 2
32880,2026-08-07,2026-06-30,3QFinancialStatements_Consolidated_JP,3Q,120959000000.0,102247000000.0,1023402000000.0,81260000000.0,588551000000.0,0.384,,0.18300781441020275,939725000000.0,0.08904413525233457,0.11819304632979025,0.1380678989586289,0.00384,,TOPIX Mid400
32910,2026-08-07,2026-06-30,1QFinancialStatements_Consolidated_IFRS,1Q,25743000000.0,14198000000.0,380523000000.0,15172000000.0,1023642000000.0,0.499,,0.813142696154388,326061000000.0,0.16703009559560944,0.06765162683990192,0.014821588016122824,0.00499,,TOPIX Mid400
32930,2026-08-07,2026-06-30,1QFinancialStatements_Consolidated_JP,1Q,248000000.0,242000000.0,2526000000.0,142000000.0,17294000000.0,0.542,,0.024793388429751984,2613000000.0,-0.033295063145809434,0.09817893903404593,0.008210940210477623,0.00542,,-
32990,2026-08-07,2026-06-30,2QFinancialStatements_Consolidated_JP,2Q,2773000000.0,5479000000.0,26743000000.0,1320000000.0,35690000000.0,0.323,,-0.4938857455740099,32943000000.0,-0.1882038672859181,0.10369068541300527,0.036985149901933315,0.0032300000000000002,,-
33150,2026-08-07,2026-06-30,1QFinancialStatements_Consolidated_JP,1Q,-263000000.0,-740000000.0,20193000000.0,-696000000.0,34032000000.0,0.265,,-0.6445945945945946,24243000000.0,-0.16705853235985646,-0.013024315356806815,-0.020451339915373765,0.00265,,TOPIX Small 2
33230,2026-08-07,2026-06-30,3QFinancialStatements_Consolidated_IFRS,3Q,463000000.0,284000000.0,12434000000.0,225000000.0,6411000000.0,0.345,,0.630281690140845,9907000000.0,0.25507217119208647,0.03723660929708863,0.03509592887225082,0.00345,,-
334A0,2026-08-07,2026-06-30,2QFinancialStatements_NonConsolidated_JP,2Q,136000000.0,101000000.0,764000000.0,97000000.0,1329000000.0,0.764,,0.3465346534653466,626000000.0,0.220447284345048,0.17801047120418848,0.07298720842738901,0.00764,,-
33600,2026-08-07,2026-06-30,1QFinancialStatements_Consolidated_JP,1Q,2784000000.0,2953000000.0,176361000000.0,2090000000.0,148154000000.0,0.395,,-0.0572299356586522,163310000000.0,0.07991549813238619,0.015785802983652848,0.014106942775760358,0.00395,,TOPIX Mid400
336A0,2026-08-07,2026-06-30,1QFinancialStatements_Consolidated_JP,1Q,-999000000.0,-196000000.0,1147000000.0,-980000000.0,6345000000.0,0.601,,4.096938775510204,1459000000.0,-0.21384509938313911,-0.8709677419354839,-0.15445232466509062,0.00601,,-
33740,2026-08-07,2026-06-30,1QFinancialStatements_Consolidated_JP,1Q,590000000.0,82000000.0,11536000000.0,363000000.0,13165000000.0,0.465,,6.195121951219512,7212000000.0,0.5995562950637825,0.05114424410540915,0.02757311052031903,0.0046500000000000005,,-
33930,2026-08-07,2026-06-30,1QFinancialStatements_Consolidated_JP,1Q,705000000.0,593000000.0,6041000000.0,502000000.0,8137000000.0,0.583,,0.1888701517706577,5636000000.0,0.07185947480482602,0.11670253269326271,0.061693498832493546,0.005829999999999999,,-
34050,2026-08-07,2026-06-30,2QFinancialStatements_Consolidated_JP,2Q,28839000000.0,26261000000.0,431035000000.0,14230000000.0,768403000000.0,0.559,,0.09816838658086136,399958000000.0,0.07770065856914976,0.06690639971232035,0.018518928218656097,0.00559,,TOPIX Mid400
34170,2026-08-07,2026-06-30,1QFinancialStatements_Consolidated_JP,1Q,-245000000.0,577000000.0,93181000000.0,5000000.0,33346000000.0,0.216,,-1.4246100519930676,90519000000.0,0.029408190545631374,-0.0026292913791438168,0.00014994302165177232,0.00216,,-
34200,2026-08-07,2026-06-30,1QFinancialStatements_Consolidated_JP,1Q,546000000.0,237000000.0,5671000000.0,431000000.0,22141000000.0,0.788,,1.3037974683544302,6096000000.0,-0.0697178477690289,0.09627931581731616,0.01946614877376812,0.00788,,-
34230,2026-08-07,2026-06-30,1QFinancialStatements_Consolidated_JP,1Q,22000000.0,-89000000.0,5741000000.0,10000000.0,10144000000.0,0.439,,9.99,5161000000.0,0.11238132144933144,0.0038320850026127853,0.0009858044164037854,0.00439,,-
34370,2026-08-07,2026-06-30,1QFinancialStatements_Consolidated_JP,1Q,156000000.0,178000000.0,2647000000.0,111000000.0,7957000000.0,0.667,,-0.1235955056179775,2720000000.0,-0.026838235294117663,0.058934642992066494,0.013949981148674124,0.006670000000000001,,-
34420,2026-08-07,2026-06-30,1QFinancialStatements_Consolidated_JP,1Q,223000000.0,156000000.0,2020000000.0,147000000.0,3431000000.0,0.399,,0.4294871794871795,1753000000.0,0.15231032515687404,0.1103960396039604,0.042844651705042265,0.0039900000000000005,,
34430,2026-08-07,2026-06-30,1QFinancialStatements_Consolidated_JP,1Q,1243000000.0,1080000000.0,26272000000.0,2260000000.0,98824000000.0,0.635,,0.1509259259259259,27551000000.0,-0.04642299735036837,0.04731272838002436,0.02286893871933943,0.00635,,TOPIX Small 2
34670,2026-08-07,2026-06-30,1QFinancialStatements_Consolidated_JP,1Q,681000000.0,507000000.0,8033000000.0,373000000.0,8302000000.0,0.162,,0.3431952662721893,6930000000.0,0.15916305916305906,0.08477530187974605,0.044928932787280176,0.0016200000000000001,,-
34860,2026-08-07,2026-06-30,2QFinancialStatements_Consolidated_JP,2Q,3270000000.0,4530000000.0,28424000000.0,1856000000.0,15691000000.0,0.237,,-0.2781456953642384,35672000000.0,-0.2031845705315093,0.11504362510554461,0.1182843668344911,0.0023699999999999997,,-
35130,2026-08-07,2026-06-30,1QFinancialStatements_Consolidated_JP,1Q,414000000.0,255000000.0,3880000000.0,441000000.0,25250000000.0,0.749,,0.6235294117647059,3409000000.0,0.13816368436491633,0.10670103092783505,0.017465346534653467,0.00749,,-
352A0,2026-08-07,2026-06-30,1QFinancialStatements_NonConsolidated_JP,1Q,-225000000.0,-93000000.0,3191000000.0,-93000000.0,2268000000.0,0.217,,1.4193548387096775,2417000000.0,0.32023169218038894,-0.07051081165778753,-0.041005291005291,0.00217,,-
35630,2026-08-07,2026-06-30,3QFinancialStatements_Consolidated_IFRS,3Q,42022000000.0,29205000000.0,390421000000.0,26578000000.0,129474000000.0,0.275,,0.4388632083547337,313149000000.0,0.24675793312448713,0.10763253001247372,0.20527673509739408,0.0027500000000000003,,TOPIX Mid400
35830,2026-08-07,2026-06-30,1QFinancialStatements_Consolidated_JP,1Q,192000000.0,161000000.0,1434000000.0,110000000.0,7276000000.0,0.705,,0.1925465838509317,1465000000.0,-0.02116040955631404,0.13389121338912133,0.015118196811434854,0.00705,,-
36110,2026-08-07,2026-06-30,1QFinancialStatements_Consolidated_JP,1Q,148000000.0,206000000.0,18958000000.0,549000000.0,43689000000.0,0.511,,-0.2815533980582524,16956000000.0,0.11807029959896198,0.007806730667791961,0.012566092151342443,0.00511,,-
36320,2026-08-07,2026-06-30,FYFinancialStatements_Consolidated_JP,FY,4026000000.0,4860000000.0,51324000000.0,4088000000.0,96804000000.0,0.758,3900000000.0,-0.17160493827160495,57111000000.0,-0.10132899091243364,0.0784428337619827,0.042229659931407794,0.00758,-0.03129657228017879,TOPIX Small 2
36870,2026-08-07,2026-06-30,3QFinancialStatements_Consolidated_JP,3Q,2222000000.0,2086000000.0,7917000000.0,1315000000.0,9325000000.0,0.836,,0.06519654841802502,7073000000.0,0.11932701823837122,0.28066186686876343,0.14101876675603217,0.00836,,TOPIX Small 2
37080,2026-08-07,2026-06-30,1QFinancialStatements_Consolidated_JP,1Q,1464000000.0,1325000000.0,25225000000.0,1646000000.0,91104000000.0,0.595,,0.1049056603773586,24284000000.0,0.03874979410311319,0.05803766105054509,0.01806726378644187,0.0059499999999999996,,TOPIX Small 2
37390,2026-08-07,2026-06-30,1QFinancialStatements_Consolidated_JP,1Q,-50000000.0,25000000.0,416000000.0,-35000000.0,759000000.0,0.535,,-3.0,551000000.0,-0.24500907441016329,-0.1201923076923077,-0.0461133069828722,0.005350000000000001,,
37470,2026-08-07,2026-06-30,3QFinancialStatements_Consolidated_JP,3Q,22000000.0,-13000000.0,1336000000.0,104000000.0,1180000000.0,0.774,,9.99,1282000000.0,0.04212168486739465,0.016467065868263474,0.08813559322033898,0.00774,,-
37530,2026-08-07,2026-06-30,1QFinancialStatements_NonConsolidated_JP,1Q,301000000.0,-150000000.0,1424000000.0,203000000.0,897000000.0,0.403,,9.99,523000000.0,1.7227533460803057,0.21137640449438203,0.22630992196209587,0.004030000000000001,,-
37650,2026-08-07,2026-06-30,2QFinancialStatements_Consolidated_JP,2Q,6380000000.0,5020000000.0,51759000000.0,3460000000.0,145689000000.0,0.693,,0.27091633466135456,50588000000.0,0.02314778208270729,0.12326358700902258,0.023749219227258065,0.0069299999999999995,,TOPIX Small 1
37660,2026-08-07,2026-06-30,1QFinancialStatements_Consolidated_JP,1Q,85000000.0,82000000.0,2456000000.0,56000000.0,4689000000.0,0.718,,0.03658536585365857,2427000000.0,0.011948908117016988,0.03460912052117264,0.011942844956280656,0.00718,,-
37720,2026-08-07,2026-06-30,1QFinancialStatements_Consolidated_JP,1Q,-398000000.0,-543000000.0,3342000000.0,-20000000.0,17269000000.0,0.193,,-0.26703499079189685,3573000000.0,-0.06465155331654071,-0.11909036505086774,-0.001158144652267068,0.00193,,-
37740,2026-08-07,2026-06-30,1QFinancialStatements_Consolidated_IFRS,1Q,6588000000.0,6031000000.0,97604000000.0,4395000000.0,162472000000.0,0.442,,0.09235615984082246,76821000000.0,0.27053800393121663,0.06749723371992951,0.02705081490964597,0.00442,,TOPIX Mid400
38420,2026-08-07,2026-06-30,1QFinancialStatements_NonConsolidated_JP,1Q,194000000.0,132000000.0,1077000000.0,154000000.0,2511000000.0,0.631,,0.4696969696969697,914000000.0,0.1783369803063457,0.18012999071494892,0.06133014735165273,0.00631,,-
38510,2026-08-07,2026-06-30,1QFinancialStatements_Consolidated_JP,1Q,-145000000.0,-174000000.0,847000000.0,-61000000.0,7956000000.0,0.699,,-0.16666666666666663,480000000.0,0.7645833333333334,-0.17119244391971664,-0.007667169431875314,0.00699,,-
38650,2026-08-07,2026-06-30,1QFinancialStatements_Consolidated_JP,1Q,687000000.0,3261000000.0,72557000000.0,1634000000.0,250747000000.0,0.601,,-0.7893284268629255,72354000000.0,0.0028056499986179873,0.009468417933486776,0.006516528612505832,0.00601,,TOPIX Small 1
38780,2026-08-07,2026-06-30,1QFinancialStatements_Consolidated_JP,1Q,875000000.0,369000000.0,10107000000.0,593000000.0,23418000000.0,0.349,,1.3712737127371275,8526000000.0,0.18543279380717803,0.0865736618185416,0.02532240157144077,0.0034899999999999996,,-
38950,2026-08-07,2026-06-30,1QFinancialStatements_NonConsolidated_JP,1Q,52000000.0,52000000.0,3049000000.0,48000000.0,7675000000.0,0.54,,0.0,3045000000.0,0.0013136288998358836,0.017054772056411937,0.006254071661237785,0.0054,,-
39170,2026-08-07,2026-06-30,1QFinancialStatements_Consolidated_JP,1Q,-118000000.0,-69000000.0,1634000000.0,-110000000.0,2927000000.0,0.563,,0.7101449275362319,1575000000.0,0.037460317460317416,-0.07221542227662178,-0.037581141100102494,0.00563,,-
39180,2026-08-07,2026-06-30,1QFinancialStatements_Consolidated_JP,1Q,187000000.0,334000000.0,6538000000.0,85000000.0,9456000000.0,0.641,,-0.4401197604790419,6614000000.0,-0.011490777139401276,0.02860201896604466,0.008989001692047378,0.00641,,-
39260,2026-08-07,2026-06-30,1QFinancialStatements_Consolidated_JP,1Q,-16000000.0,-72000000.0,578000000.0,-29000000.0,3394000000.0,0.832,,-0.7777777777777778,568000000.0,0.01760563380281699,-0.02768166089965398,-0.00854449027695934,0.00832,,TOPIX Small 2
39400,2026-08-07,2026-06-30,2QFinancialStatements_NonConsolidated_JP,2Q,231000000.0,297000000.0,1689000000.0,162000000.0,3452000000.0,0.909,,-0.2222222222222222,1700000000.0,-0.006470588235294117,0.13676731793960922,0.04692931633835458,0.00909,,-
39430,2026-08-07,2026-06-30,1QFinancialStatements_Consolidated_JP,1Q,232000000.0,262000000.0,6284000000.0,217000000.0,19756000000.0,0.687,,-0.1145038167938931,5948000000.0,0.05648957632817764,0.036919159770846595,0.010984004859283256,0.00687,,-
39440,2026-08-07,2026-06-30,2QFinancialStatements_Consolidated_JP,2Q,299000000.0,296000000.0,9192000000.0,200000000.0,11463000000.0,0.524,,0.010135135135135087,8629000000.0,0.06524510372001391,0.03252828546562228,0.017447439588240427,0.00524,,-
39450,2026-08-07,2026-06-30,1QFinancialStatements_Consolidated_JP,1Q,41000000.0,150000000.0,6675000000.0,88000000.0,5578000000.0,0.397,,-0.7266666666666667,6668000000.0,0.0010497900419916828,0.006142322097378277,0.01577626389386877,0.0039700000000000004,,-
39500,2026-08-07,2026-06-30,2QFinancialStatements_Consolidated_JP,2Q,2974000000.0,2863000000.0,50134000000.0,2038000000.0,77507000000.0,0.786,,0.03877052043311213,47385000000.0,0.058014139495621064,0.059321019667291655,0.026294399215554723,0.00786,,TOPIX Small 2
39510,2026-08-07,2026-06-30,1QFinancialStatements_Consolidated_JP,1Q,883000000.0,499000000.0,11944000000.0,597000000.0,37252000000.0,0.511,,0.7695390781563127,11260000000.0,0.0607460035523979,0.07392833221701273,0.01602598518200365,0.00511,,-
39580,2026-08-07,2026-06-30,FYFinancialStatements_Consolidated_JP,FY,63000000.0,185000000.0,12223000000.0,194000000.0,9635000000.0,0.622,80000000.0,-0.6594594594594594,12555000000.0,-0.026443647949024318,0.00515421745888898,0.020134924753502856,0.00622,0.26984126984126977,-
39650,2026-08-07,2026-06-30,3QFinancialStatements_Consolidated_JP,3Q,751000000.0,311000000.0,8022000000.0,473000000.0,4060000000.0,0.55,,1.414790996784566,7055000000.0,0.1370659107016301,0.09361755173273498,0.1165024630541872,0.0055000000000000005,,-
39970,2026-08-07,2026-06-30,2QFinancialStatements_Consolidated_JP,2Q,59000000.0,-42000000.0,2623000000.0,17000000.0,2526000000.0,0.625,,9.99,2049000000.0,0.2801366520253783,0.02249332825009531,0.006730007917656373,0.00625,,-
39980,2026-08-07,2026-06-30,2QFinancialStatements_Consolidated_JP,2Q,-27000000.0,39000000.0,898000000.0,-6000000.0,2200000000.0,0.73,,-1.6923076923076923,946000000.0,-0.05073995771670192,-0.030066815144766147,-0.0027272727272727275,0.0073,,-
40210,2026-08-07,2026-06-30,1QFinancialStatements_Consolidated_JP,1Q,21907000000.0,18097000000.0,78792000000.0,16844000000.0,255168000000.0,0.698,,0.21053213239763502,69871000000.0,0.12767814973307945,0.2780358412021525,0.06601141208929019,0.006979999999999999,,TOPIX Mid400
40230,2026-08-07,2026-06-30,1QFinancialStatements_Consolidated_IFRS,1Q,5810000000.0,2329000000.0,42098000000.0,4289000000.0,171224000000.0,0.493,,1.4946328896522112,36540000000.0,0.15210727969348659,0.13801130695044894,0.02504905854319488,0.00493,,TOPIX Small 1
40270,2026-08-07,2026-06-30,1QFinancialStatements_Consolidated_JP,1Q,1306000000.0,957000000.0,16170000000.0,1225000000.0,61633000000.0,0.679,,0.36468129571577856,13681000000.0,0.18193114538410926,0.08076685219542362,0.019875715931400386,0.006790000000000001,,TOPIX Small 2
40280,2026-08-07,2026-06-30,1QFinancialStatements_Consolidated_JP,1Q,2206000000.0,5206000000.0,39289000000.0,1013000000.0,127740000000.0,0.538,,-0.5762581636573185,42561000000.0,-0.07687789290665159,0.056148031255567714,0.007930170659151402,0.00538,,TOPIX Small 1
40280,2026-08-07,2026-03-31,FYFinancialStatements_Consolidated_JP,FY,19077000000.0,10482000000.0,154897000000.0,16636000000.0,129178000000.0,0.537,14200000000.0,0.819977103606182,145196000000.0,0.0668131353480812,0.12315926066999361,0.12878353899270772,0.005370000000000001,-0.25564816270902135,TOPIX Small 1
40310,2026-08-07,2026-06-30,1QFinancialStatements_Consolidated_JP,1Q,395000000.0,175000000.0,11137000000.0,177000000.0,23067000000.0,0.452,,1.2571428571428571,9801000000.0,0.1363126211611061,0.0354673610487564,0.007673299518793081,0.00452,,-
40410,2026-08-07,2026-06-30,1QFinancialStatements_Consolidated_JP,1Q,3734000000.0,3156000000.0,34248000000.0,3278000000.0,212584000000.0,0.66,,0.1831432192648923,32639000000.0,0.04929685345752022,0.10902826442419995,0.015419787001843977,0.0066,,TOPIX Small 1
40460,2026-08-07,2026-06-30,1QFinancialStatements_Consolidated_JP,1Q,6235000000.0,3939000000.0,28749000000.0,4947000000.0,130448000000.0,0.763,,0.5828890581365829,24284000000.0,0.1838659199472903,0.21687710876900065,0.0379231571200785,0.0076300000000000005,,TOPIX Small 1
40610,2026-08-07,2026-06-30,1QFinancialStatements_Consolidated_JP,1Q,10993000000.0,2302000000.0,96977000000.0,2843000000.0,336864000000.0,0.443,,3.7754126846220677,94067000000.0,0.03093539711057014,0.11335677531785887,0.008439607675501093,0.00443,,TOPIX Mid400
40640,2026-08-07,2026-06-30,1QFinancialStatements_Consolidated_JP,1Q,1039000000.0,965000000.0,12458000000.0,518000000.0,41373000000.0,0.611,,0.0766839378238342,11770000000.0,0.05845369583687332,0.0834002247551774,0.01252024267034056,0.00611,,TOPIX Small 2
40780,2026-08-07,2026-06-30,1QFinancialStatements_Consolidated_JP,1Q,1705000000.0,1904000000.0,21466000000.0,2000000000.0,83688000000.0,0.688,,-0.10451680672268904,20136000000.0,0.06605085419149792,0.07942793254448896,0.023898288882516012,0.00688,,TOPIX Small 1
40820,2026-08-07,2026-06-30,1QFinancialStatements_Consolidated_JP,1Q,1152000000.0,525000000.0,10113000000.0,953000000.0,39534000000.0,0.593,,1.1942857142857144,8100000000.0,0.24851851851851858,0.11391278552358351,0.024105832953913088,0.0059299999999999995,,TOPIX Small 2
40930,2026-08-07,2026-06-30,1QFinancialStatements_Consolidated_JP,1Q,451000000.0,441000000.0,8762000000.0,285000000.0,21263000000.0,0.56,,0.0226757369614512,8463000000.0,0.03533026113671278,0.05147226660579776,0.013403564877957014,0.005600000000000001,,-
40950,2026-08-07,2026-06-30,1QFinancialStatements_Consolidated_JP,1Q,4737000000.0,3413000000.0,33670000000.0,3671000000.0,223141000000.0,0.753,,0.3879285086434221,31876000000.0,0.056280587275693295,0.1406890406890407,0.01645148135035695,0.00753,,TOPIX Small 1
40970,2026-08-07,2026-06-30,1QFinancialStatements_Consolidated_JP,1Q,2057000000.0,1500000000.0,26321000000.0,1647000000.0,86897000000.0,0.684,,0.3713333333333333,24294000000.0,0.08343623940067513,0.07815052619581322,0.018953473652715283,0.006840000000000001,,TOPIX Small 2
40980,2026-08-07,2026-06-30,1QFinancialStatements_Consolidated_JP,1Q,109000000.0,98000000.0,2082000000.0,27000000.0,5898000000.0,0.393,,0.11224489795918369,2121000000.0,-0.018387553041018356,0.05235350624399616,0.004577822990844354,0.00393,,-
41000,2026-08-07,2026-06-30,1QFinancialStatements_Consolidated_JP,1Q,372000000.0,282000000.0,7347000000.0,260000000.0,12181000000.0,0.22,,0.31914893617021267,7295000000.0,0.007128169979437882,0.05063291139240506,0.021344717182497332,0.0022,,TOPIX Small 2
41020,2026-08-07,2026-06-30,1QFinancialStatements_Consolidated_JP,1Q,13000000.0,-36000000.0,3397000000.0,66000000.0,10512000000.0,0.602,,9.99,2990000000.0,0.13612040133779257,0.0038269060936120106,0.006278538812785388,0.00602,,-
41140,2026-08-07,2026-06-30,1QFinancialStatements_Consolidated_IFRS,1Q,12142000000.0,4295000000.0,121318000000.0,10378000000.0,411330000000.0,0.658,,1.8270081490104775,101247000000.0,0.19823797248313535,0.1000840765591256,0.025230350326988064,0.00658,,TOPIX Mid400
41250,2026-08-07,2026-06-30,1QFinancialStatements_Consolidated_JP,1Q,691000000.0,222000000.0,6483000000.0,435000000.0,13964000000.0,0.49,,2.1126126126126126,4009000000.0,0.6171114991269644,0.10658645688724357,0.031151532512174163,0.0049,,-
41250,2026-08-07,2026-03-31,FYFinancialStatements_Consolidated_JP,FY,1543000000.0,836000000.0,20263000000.0,1071000000.0,13477000000.0,0.512,1700000000.0,0.8456937799043063,16040000000.0,0.26327930174563585,0.07614864531411933,0.07946872449358165,0.00512,0.10174983797796511,-
41690,2026-08-07,2026-06-30,1QFinancialStatements_Consolidated_JP,1Q,49000000.0,198000000.0,1345000000.0,47000000.0,4845000000.0,0.691,,-0.7525252525252525,1546000000.0,-0.13001293661060798,0.036431226765799254,0.009700722394220845,0.0069099999999999995,,-
41820,2026-08-07,2026-06-30,1QFinancialStatements_Consolidated_JP,1Q,27845000000.0,10982000000.0,223704000000.0,18329000000.0,698839000000.0,0.574,,1.535512657075214,177977000000.0,0.2569264567893603,0.12447251725494403,0.026227786371395986,0.0057399999999999994,,TOPIX Mid400
41880,2026-08-07,2026-06-30,1QFinancialStatements_Consolidated_IFRS,1Q,118400000000.0,60908000000.0,1004246000000.0,57706000000.0,2500880000000.0,0.31,,0.9439154134103895,880652000000.0,0.14034374531597038,0.11789939915120398,0.023074277854195323,0.0031,,TOPIX Large70
42080,2026-08-07,2026-06-30,1QFinancialStatements_Consolidated_JP,1Q,5553000000.0,2955000000.0,121896000000.0,4192000000.0,456948000000.0,0.467,,0.8791878172588832,100459000000.0,0.2133905374331817,0.04555522740696988,0.009173910379299176,0.0046700000000000005,,TOPIX Mid400
42410,2026-08-07,2026-06-30,1QFinancialStatements_Consolidated_JP,1Q,100000000.0,57000000.0,999000000.0,66000000.0,1847000000.0,0.371,,0.7543859649122806,826000000.0,0.20944309927360782,0.1001001001001001,0.035733622089875475,0.0037099999999999998,,-
42420,2026-08-07,2026-06-30,1QFinancialStatements_Consolidated_JP,1Q,370000000.0,111000000.0,10140000000.0,157000000.0,15721000000.0,0.396,,2.3333333333333335,10062000000.0,0.007751937984496138,0.03648915187376726,0.009986642071115069,0.00396,,-
42430,2026-08-07,2026-06-30,3QFinancialStatements_Consolidated_JP,3Q,357000000.0,172000000.0,3513000000.0,351000000.0,4884000000.0,0.77,,1.0755813953488373,3263000000.0,0.07661661048115231,0.10162254483347566,0.07186732186732187,0.0077,,-
42630,2026-08-07,2026-06-30,FYFinancialStatements_NonConsolidated_JP,FY,-330000000.0,-299000000.0,,-382000000.0,4070000000.0,0.942,-461000000.0,0.10367892976588622,,,,-0.09385749385749385,0.00942,-2.396969696969697,-
42750,2026-08-07,2026-06-30,1QFinancialStatements_Consolidated_JP,1Q,255000000.0,445000000.0,8654000000.0,68000000.0,37908000000.0,0.659,,-0.4269662921348315,8655000000.0,-0.00011554015020220909,0.029466142824127572,0.0017938166086314234,0.00659,,TOPIX Small 2
43440,2026-08-07,2026-06-30,2QFinancialStatements_Consolidated_JP,2Q,-805000000.0,-985000000.0,5364000000.0,-775000000.0,5835000000.0,0.369,,-0.18274111675126903,5916000000.0,-0.09330628803245433,-0.15007457121551082,-0.1328191945158526,0.00369,,TOPIX Small 2
43500,2026-08-07,2026-06-30,1QFinancialStatements_Consolidated_JP,1Q,125000000.0,439000000.0,33147000000.0,-124000000.0,17136000000.0,0.214,,-0.715261958997722,31100000000.0,0.06581993569131828,0.003771080339095544,-0.007236227824463119,0.00214,,TOPIX Small 2
43510,2026-08-07,2026-06-30,2QFinancialStatements_Consolidated_JP,2Q,-178000000.0,-128000000.0,906000000.0,-167000000.0,3130000000.0,0.571,,0.390625,934000000.0,-0.02997858672376874,-0.19646799116997793,-0.05335463258785943,0.00571,,-
43600,2026-08-07,2026-06-30,1QFinancialStatements_Consolidated_JP,1Q,371000000.0,101000000.0,3147000000.0,289000000.0,11702000000.0,0.73,,2.6732673267326734,2658000000.0,0.18397291196388266,0.1178900540197013,0.02469663305417877,0.0073,,-
43680,2026-08-07,2026-06-30,1QFinancialStatements_Consolidated_JP,1Q,6172000000.0,4694000000.0,22819000000.0,6688000000.0,123004000000.0,0.737,,0.3148700468683425,18658000000.0,0.22301425661914465,0.27047635742144704,0.05437221553770609,0.00737,,TOPIX Small 1
43750,2026-08-07,2026-06-30,2QFinancialStatements_Consolidated_JP,2Q,104000000.0,-71000000.0,10418000000.0,66000000.0,9341000000.0,0.776,,9.99,8713000000.0,0.1956846092046367,0.00998272221155692,0.007065624665453378,0.00776,,-
43900,2026-08-07,2026-06-30,1QFinancialStatements_Consolidated_JP,1Q,1198000000.0,1048000000.0,3930000000.0,831000000.0,27139000000.0,0.386,,0.14312977099236646,3422000000.0,0.14845119812974872,0.3048346055979644,0.030620140756844393,0.00386,,TOPIX Small 2
43920,2026-08-07,2026-06-30,2QFinancialStatements_Consolidated_JP,2Q,582000000.0,392000000.0,7516000000.0,365000000.0,11412000000.0,0.661,,0.48469387755102034,6608000000.0,0.13740920096852305,0.07743480574773816,0.031983876621100596,0.00661,,-
44010,2026-08-07,2026-06-30,1QFinancialStatements_Consolidated_JP,1Q,15690000000.0,10996000000.0,117043000000.0,10710000000.0,380525000000.0,0.558,,0.4268825027282648,101600000000.0,0.15199803149606295,0.13405329665165794,0.02814532553708692,0.005580000000000001,,TOPIX Mid400
44060,2026-08-07,2026-06-30,1QFinancialStatements_Consolidated_JP,1Q,1021000000.0,286000000.0,9392000000.0,1027000000.0,21975000000.0,0.502,,2.56993006993007,8131000000.0,0.15508547534128647,0.10870954003407154,0.0467349260523322,0.00502,,-
44470,2026-08-07,2026-06-30,3QFinancialStatements_NonConsolidated_JP,3Q,95000000.0,8000000.0,1795000000.0,68000000.0,1047000000.0,0.613,,10.875,1738000000.0,0.03279631760644408,0.052924791086350974,0.06494746895893028,0.00613,,-
44640,2026-08-07,2026-06-30,1QFinancialStatements_Consolidated_JP,1Q,1383000000.0,1080000000.0,8241000000.0,995000000.0,59566000000.0,0.876,,0.28055555555555545,7802000000.0,0.05626762368623428,0.16781943938842372,0.016704160091327268,0.00876,,-
44920,2026-08-07,2026-06-30,1QFinancialStatements_Consolidated_JP,1Q,20000000.0,24000000.0,2535000000.0,4000000.0,2570000000.0,0.41,,-0.16666666666666663,2486000000.0,0.019710378117457683,0.007889546351084813,0.0015564202334630351,0.0040999999999999995,,-
45210,2026-08-07,2026-06-30,1QFinancialStatements_Consolidated_JP,1Q,10902000000.0,14000000.0,30154000000.0,8439000000.0,152883000000.0,0.816,,777.7142857142857,18867000000.0,0.5982403137753749,0.36154407375472575,0.05519907380153451,0.008159999999999999,,TOPIX Small 1
45260,2026-08-07,2026-06-30,1QFinancialStatements_Consolidated_JP,1Q,2248000000.0,2365000000.0,25133000000.0,1869000000.0,84398000000.0,0.719,,-0.04947145877378434,23257000000.0,0.08066388614180675,0.08944415708431146,0.022145074527832414,0.007189999999999999,,TOPIX Small 2
45430,2026-08-07,2026-06-30,1QFinancialStatements_Consolidated_IFRS,1Q,89480000000.0,55885000000.0,311810000000.0,70426000000.0,1662023000000.0,0.7,,0.6011452089111569,259965000000.0,0.19943069259323365,0.28696962894070105,0.04237366149565921,0.006999999999999999,,TOPIX Large70
45640,2026-08-07,2026-06-30,1QFinancialStatements_Consolidated_JP,1Q,-285000000.0,-303000000.0,170000000.0,-288000000.0,2348000000.0,0.872,,-0.05940594059405946,201000000.0,-0.154228855721393,-1.6764705882352942,-0.12265758091993186,0.00872,,-
45650,2026-08-07,2026-06-30,2QFinancialStatements_Consolidated_IFRS,2Q,1881000000.0,-2756000000.0,18910000000.0,1591000000.0,64803000000.0,0.49,,9.99,15094000000.0,0.25281568835298796,0.09947117927022739,0.02455133250003858,0.0049,,TOPIX Small 1
45700,2026-08-07,2026-06-30,1QFinancialStatements_Consolidated_JP,1Q,117000000.0,54000000.0,286000000.0,100000000.0,1887000000.0,0.848,,1.1666666666666665,211000000.0,0.35545023696682465,0.4090909090909091,0.052994170641229466,0.00848,,-
45710,2026-08-07,2026-06-30,1QFinancialStatements_Consolidated_JP,1Q,-275000000.0,-189000000.0,35000000.0,-281000000.0,3315000000.0,0.628,,0.4550264550264551,7000000.0,4.0,-7.857142857142857,-0.08476621417797889,0.00628,,-
45860,2026-08-07,2026-06-30,2QFinancialStatements_Consolidated_JP,2Q,-544000000.0,-609000000.0,11000000.0,-551000000.0,1592000000.0,0.883,,-0.10673234811165844,18000000.0,-0.38888888888888884,-49.45454545454545,-0.34610552763819097,0.00883,,-
45880,2026-08-07,2026-06-30,2QFinancialStatements_NonConsolidated_JP,2Q,-767000000.0,-1267000000.0,503000000.0,-762000000.0,3257000000.0,0.721,,-0.39463299131807417,28000000.0,16.964285714285715,-1.5248508946322068,-0.23395762972060177,0.007209999999999999,,-
45980,2026-08-07,2026-06-30,1QFinancialStatements_NonConsolidated_JP,1Q,-420000000.0,-358000000.0,,-422000000.0,-196000000.0,-1.318,,0.17318435754189943,,,,2.1530612244897958,-0.01318,,-
46110,2026-08-07,2026-06-30,1QFinancialStatements_Consolidated_JP,1Q,1850000000.0,705000000.0,25407000000.0,1211000000.0,76323000000.0,0.473,,1.624113475177305,22300000000.0,0.1393273542600897,0.07281457865942456,0.015866776725233546,0.00473,,TOPIX Small 2
46120,2026-08-07,2026-06-30,2QFinancialStatements_Consolidated_IFRS,2Q,152315000000.0,121175000000.0,1023683000000.0,105150000000.0,2019421000000.0,0.467,,0.25698370125851033,852428000000.0,0.20090259822530476,0.1487911785191314,0.05206938028276422,0.0046700000000000005,,TOPIX Mid400
46130,2026-08-07,2026-06-30,1QFinancialStatements_Consolidated_JP,1Q,10492000000.0,12241000000.0,157853000000.0,6482000000.0,380495000000.0,0.353,,-0.14288048362061923,144680000000.0,0.09104921205418859,0.06646690275129392,0.01703570349150449,0.0035299999999999997,,TOPIX Mid400
46190,2026-08-07,2026-06-30,1QFinancialStatements_Consolidated_JP,1Q,1153000000.0,797000000.0,15662000000.0,1819000000.0,67297000000.0,0.697,,0.44667503136762865,15136000000.0,0.03475158562367864,0.07361767334950836,0.02702943667622628,0.00697,,-
46200,2026-08-07,2026-06-30,1QFinancialStatements_Consolidated_JP,1Q,742000000.0,551000000.0,15779000000.0,1088000000.0,53769000000.0,0.668,,0.34664246823956435,13677000000.0,0.15368867441690437,0.04702452626909183,0.020234707731220592,0.00668,,TOPIX Small 2
46230,2026-08-07,2026-06-30,1QFinancialStatements_Consolidated_JP,1Q,439000000.0,234000000.0,6383000000.0,313000000.0,15094000000.0,0.575,,0.8760683760683761,4255000000.0,0.5001175088131611,0.0687764374118753,0.020736716576122964,0.00575,,-
46250,2026-08-07,2026-06-30,1QFinancialStatements_Consolidated_JP,1Q,270000000.0,91000000.0,3430000000.0,187000000.0,11294000000.0,0.709,,1.9670329670329672,2884000000.0,0.18932038834951448,0.07871720116618076,0.01655746414025146,0.00709,,-
46280,2026-08-07,2026-06-30,1QFinancialStatements_Consolidated_JP,1Q,5198000000.0,2820000000.0,31753000000.0,4363000000.0,176514000000.0,0.843,,0.8432624113475178,26208000000.0,0.21157661782661785,0.16370106761565836,0.02471758614047611,0.00843,,-
46290,2026-08-07,2026-06-30,1QFinancialStatements_Consolidated_JP,1Q,975000000.0,156000000.0,11637000000.0,679000000.0,17944000000.0,0.608,,5.25,8432000000.0,0.38009962049335866,0.08378448053622067,0.03783994650022292,0.0060799999999999995,,-
46330,2026-08-07,2026-06-30,2QFinancialStatements_Consolidated_JP,2Q,9023000000.0,7645000000.0,142031000000.0,6694000000.0,134134000000.0,0.52,,0.1802485284499673,126396000000.0,0.12369853476375825,0.06352838464842182,0.04990531856203498,0.0052,,TOPIX Small 1
46340,2026-08-07,2026-06-30,2QFinancialStatements_Consolidated_JP,2Q,12573000000.0,9373000000.0,189653000000.0,13734000000.0,292350000000.0,0.587,,0.341406166648885,168732000000.0,0.1239895218452931,0.06629475937633468,0.04697793740379682,0.005869999999999999,,TOPIX Small 1
46620,2026-08-07,2026-06-30,1QFinancialStatements_NonConsolidated_JP,1Q,826000000.0,864000000.0,9300000000.0,570000000.0,14698000000.0,0.645,,-0.04398148148148151,8507000000.0,0.0932173504173035,0.08881720430107527,0.038780786501564836,0.00645,,TOPIX Small 2
46670,2026-08-07,2026-06-30,1QFinancialStatements_Consolidated_JP,1Q,6000000.0,-7000000.0,1237000000.0,-46000000.0,6426000000.0,0.74,,9.99,1112000000.0,0.11241007194244612,0.004850444624090542,-0.0071584189231248055,0.0074,,-
46860,2026-08-07,2026-06-30,1QFinancialStatements_Consolidated_JP,1Q,6229000000.0,5977000000.0,12736000000.0,4337000000.0,122071000000.0,0.866,,0.042161619541575934,12861000000.0,-0.009719306430293173,0.48908605527638194,0.03552850390346601,0.00866,,TOPIX Small 1
46940,2026-08-07,2026-06-30,1QFinancialStatements_Consolidated_JP,1Q,3000000000.0,2804000000.0,39036000000.0,1980000000.0,131507000000.0,0.706,,0.06990014265335232,38026000000.0,0.02656077420712144,0.0768521364893944,0.015056232748066643,0.0070599999999999994,,TOPIX Small 1
47050,2026-08-07,2026-06-30,1QFinancialStatements_Consolidated_JP,1Q,-92000000.0,-113000000.0,619000000.0,-92000000.0,4517000000.0,0.844,,-0.18584070796460173,655000000.0,-0.05496183206106875,-0.14862681744749595,-0.020367500553464687,0.00844,,-
47120,2026-08-07,2026-06-30,2QFinancialStatements_Consolidated_IFRS,2Q,1030000000.0,628000000.0,17617000000.0,520000000.0,23116000000.0,0.429,,0.6401273885350318,16833000000.0,0.0465751797065288,0.05846625418629733,0.02249524139124416,0.0042899999999999995,,-
47510,2026-08-07,2026-06-30,3QFinancialStatements_Consolidated_JP,3Q,67449000000.0,48798000000.0,709272000000.0,36035000000.0,297897000000.0,0.372,,0.3822082872248862,631993000000.0,0.12227825308191709,0.09509609853483572,0.12096462871395147,0.0037199999999999998,,TOPIX Mid400
47540,2026-08-07,2026-06-30,3QFinancialStatements_Consolidated_JP,3Q,382000000.0,551000000.0,8428000000.0,160000000.0,8454000000.0,0.773,,-0.3067150635208712,8864000000.0,-0.049187725631768986,0.045325106786900805,0.018925952211970666,0.00773,,-
47670,2026-08-07,2026-06-30,FYFinancialStatements_Consolidated_JP,FY,2024000000.0,2152000000.0,18682000000.0,1384000000.0,10801000000.0,0.733,2165000000.0,-0.059479553903345694,17782000000.0,0.050612979417388404,0.10833957820361846,0.12813628367743726,0.00733,0.06966403162055346,TOPIX Small 2
47690,2026-08-07,2026-06-30,3QFinancialStatements_Consolidated_JP,3Q,642000000.0,547000000.0,7831000000.0,438000000.0,6523000000.0,0.764,,0.17367458866544783,7520000000.0,0.04135638297872335,0.08198186693908824,0.06714701824313966,0.00764,,-
47830,2026-08-07,2026-06-30,1QFinancialStatements_Consolidated_JP,1Q,414000000.0,370000000.0,7301000000.0,251000000.0,8128000000.0,0.482,,0.11891891891891881,7291000000.0,0.0013715539706486979,0.05670456101903849,0.030880905511811024,0.00482,,-
48000,2026-08-07,2026-06-30,1QFinancialStatements_Consolidated_JP,1Q,397000000.0,370000000.0,1347000000.0,271000000.0,5630000000.0,0.815,,0.0729729729729729,1325000000.0,0.016603773584905612,0.2947290274684484,0.04813499111900533,0.00815,,-
48010,2026-08-07,2026-06-30,1QFinancialStatements_Consolidated_JP,1Q,288000000.0,223000000.0,11571000000.0,80000000.0,26505000000.0,0.625,,0.29147982062780264,11444000000.0,0.011097518350227098,0.02488981073373088,0.003018298434257687,0.00625,,TOPIX Small 2
48480,2026-08-07,2026-06-30,2QFinancialStatements_Consolidated_JP,2Q,4147000000.0,4184000000.0,50051000000.0,2730000000.0,34208000000.0,0.469,,-0.008843212237093723,34722000000.0,0.4414780254593629,0.08285548740284909,0.07980589335827877,0.00469,,TOPIX Small 2
49120,2026-08-07,2026-06-30,2QFinancialStatements_Consolidated_IFRS,2Q,20703000000.0,13379000000.0,216836000000.0,10844000000.0,358565000000.0,0.625,,0.5474250691382017,199459000000.0,0.08712066138905739,0.09547768820675534,0.030242773276811737,0.00625,,TOPIX Mid400
49310,2026-08-07,2026-06-30,3QFinancialStatements_Consolidated_JP,3Q,3746000000.0,3888000000.0,32153000000.0,2618000000.0,24236000000.0,0.835,,-0.03652263374485598,30733000000.0,0.04620440568769735,0.11650545827761018,0.10802112559828354,0.00835,,TOPIX Small 2
49330,2026-08-07,2026-06-30,2QFinancialStatements_Consolidated_JP,2Q,2012000000.0,1688000000.0,26808000000.0,1047000000.0,17989000000.0,0.531,,0.19194312796208535,22321000000.0,0.20102145961202456,0.07505222321695017,0.05820223469898271,0.0053100000000000005,,TOPIX Small 2
49350,2026-08-07,2026-06-30,2QFinancialStatements_Consolidated_JP,2Q,-375000000.0,-135000000.0,4837000000.0,-303000000.0,1513000000.0,0.175,,1.7777777777777777,4204000000.0,0.15057088487155101,-0.07752739301219765,-0.2002643754130866,0.0017499999999999998,,-
49370,2026-08-07,2026-06-30,3QFinancialStatements_Consolidated_JP,3Q,415000000.0,-32000000.0,2039000000.0,392000000.0,2511000000.0,0.678,,9.99,1316000000.0,0.5493920972644377,0.20353114271701814,0.1561131023496615,0.0067800000000000004,,-
49660,2026-08-07,2026-06-30,1QFinancialStatements_Consolidated_JP,1Q,5728000000.0,4509000000.0,26057000000.0,4491000000.0,114799000000.0,0.825,,0.2703481925038811,20112000000.0,0.2955946698488465,0.21982576658863262,0.039120549830573434,0.00825,,-
49700,2026-08-07,2026-06-30,1QFinancialStatements_NonConsolidated_JP,1Q,1932000000.0,397000000.0,12086000000.0,1290000000.0,28818000000.0,0.419,,3.8664987405541558,9128000000.0,0.3240578439964943,0.15985437696508356,0.04476368936081616,0.00419,,-
49760,2026-08-07,2026-06-30,FYFinancialStatements_Consolidated_JP,FY,675000000.0,780000000.0,5412000000.0,603000000.0,11041000000.0,0.819,603000000.0,-0.13461538461538458,5194000000.0,0.041971505583365376,0.12472283813747229,0.05461461824110135,0.00819,-0.10666666666666669,-
49770,2026-08-07,2026-06-30,1QFinancialStatements_Consolidated_JP,1Q,1184000000.0,1253000000.0,9893000000.0,690000000.0,30849000000.0,0.57,,-0.055067837190742264,9137000000.0,0.08274050563642343,0.1196805822298595,0.022367013517455996,0.005699999999999999,,-
49940,2026-08-07,2026-06-30,1QFinancialStatements_Consolidated_JP,1Q,1524000000.0,688000000.0,10085000000.0,1059000000.0,26850000000.0,0.715,,1.2151162790697674,8223000000.0,0.2264380396448984,0.15111551809618246,0.039441340782122906,0.00715,,TOPIX Small 2
49980,2026-08-07,2026-06-30,1QFinancialStatements_Consolidated_JP,1Q,1343000000.0,1255000000.0,22815000000.0,394000000.0,29604000000.0,0.396,,0.07011952191235049,20825000000.0,0.09555822328931574,0.05886478194170502,0.013309012295635725,0.00396,,-
50110,2026-08-07,2026-06-30,1QFinancialStatements_Consolidated_JP,1Q,143000000.0,-317000000.0,14225000000.0,241000000.0,79131000000.0,0.711,,9.99,13700000000.0,0.038321167883211604,0.010052724077328646,0.003045582641442671,0.00711,,TOPIX Small 2
50130,2026-08-07,2026-06-30,1QFinancialStatements_Consolidated_JP,1Q,1224000000.0,1150000000.0,12941000000.0,1315000000.0,48814000000.0,0.725,,0.06434782608695655,13434000000.0,-0.03669793062379034,0.09458310795147207,0.026938992911869547,0.0072499999999999995,,TOPIX Small 2
50190,2026-08-07,2026-06-30,1QFinancialStatements_Consolidated_IFRS,1Q,307462000000.0,-21015000000.0,2271753000000.0,217504000000.0,1676961000000.0,0.272,,9.99,1843035000000.0,0.23261522434462711,0.13534129810767279,0.12970128703052725,0.00272,,TOPIX Mid400
50200,2026-08-07,2026-06-30,1QFinancialStatements_Consolidated_IFRS,1Q,482596000000.0,50299000000.0,3407831000000.0,414981000000.0,4132462000000.0,0.389,,8.594544623153542,2869974000000.0,0.18740831798476232,0.14161383002854308,0.10041979817358272,0.0038900000000000002,,TOPIX Large70
50760,2026-08-07,2026-06-30,1QFinancialStatements_Consolidated_IFRS,1Q,14398000000.0,6662000000.0,308365000000.0,76135000000.0,687252000000.0,0.323,,1.161212848994296,191630000000.0,0.6091687105359287,0.0466914208810987,0.11078178019125444,0.0032300000000000002,,TOPIX Mid400
51050,2026-08-07,2026-06-30,2QFinancialStatements_Consolidated_JP,2Q,37497000000.0,48176000000.0,284190000000.0,29436000000.0,549853000000.0,0.716,,-0.22166638990368648,283410000000.0,0.0027521964644861008,0.13194341813575425,0.05353430826057146,0.00716,,TOPIX Mid400
51080,2026-08-07,2026-06-30,2QFinancialStatements_Consolidated_IFRS,2Q,280229000000.0,164484000000.0,2321667000000.0,206245000000.0,3838726000000.0,0.641,,0.7036854648476447,2116437000000.0,0.09696957669895201,0.12070163378296715,0.0537274606210498,0.00641,,TOPIX Large70
51220,2026-08-07,2026-06-30,1QFinancialStatements_Consolidated_JP,1Q,1549000000.0,814000000.0,28923000000.0,1775000000.0,109289000000.0,0.674,,0.902948402948403,26929000000.0,0.0740465668981396,0.05355599349998271,0.016241341763580965,0.00674,,TOPIX Small 2
51420,2026-08-07,2026-06-30,1QFinancialStatements_Consolidated_JP,1Q,1175000000.0,445000000.0,21361000000.0,1022000000.0,44441000000.0,0.513,,1.6404494382022472,18378000000.0,0.16231363586897385,0.055006788071719485,0.022996782250624424,0.00513,,TOPIX Small 2
51840,2026-08-07,2026-06-30,2QFinancialStatements_Consolidated_JP,2Q,5205000000.0,4917000000.0,42261000000.0,2894000000.0,70590000000.0,0.691,,0.058572300183038495,35732000000.0,0.1827213702003807,0.1231632001135799,0.040997308400623315,0.0069099999999999995,,-
51860,2026-08-07,2026-06-30,1QFinancialStatements_Consolidated_JP,1Q,2012000000.0,1095000000.0,24364000000.0,4156000000.0,169362000000.0,0.856,,0.8374429223744293,21625000000.0,0.12665895953757222,0.0825808570021343,0.02453915282058549,0.00856,,TOPIX Small 2
51920,2026-08-07,2026-06-30,1QFinancialStatements_Consolidated_JP,1Q,3289000000.0,2395000000.0,25201000000.0,2639000000.0,102009000000.0,0.774,,0.373277661795407,22324000000.0,0.12887475362838208,0.13051069402007856,0.025870266349047634,0.00774,,TOPIX Small 1
51940,2026-08-07,2026-06-30,1QFinancialStatements_Consolidated_JP,1Q,149000000.0,239000000.0,1617000000.0,134000000.0,12284000000.0,0.605,,-0.37656903765690375,1790000000.0,-0.09664804469273747,0.09214594928880643,0.01090849886030609,0.00605,,-
51950,2026-08-07,2026-06-30,1QFinancialStatements_Consolidated_IFRS,1Q,3382000000.0,3818000000.0,32209000000.0,2749000000.0,93723000000.0,0.7,,-0.11419591409114715,29092000000.0,0.1071428571428572,0.10500170759725543,0.02933111402750659,0.006999999999999999,,TOPIX Small 2
52020,2026-08-07,2026-06-30,1QFinancialStatements_Consolidated_IFRS,1Q,8826000000.0,6870000000.0,246343000000.0,186000000.0,188960000000.0,0.134,,0.28471615720524013,210202000000.0,0.1719346152748309,0.03582809334951673,0.0009843353090601185,0.00134,,TOPIX Small 1
52160,2026-08-07,2026-06-30,2QFinancialStatements_Consolidated_JP,2Q,-224000000.0,-242000000.0,645000000.0,-287000000.0,1004000000.0,0.515,,-0.07438016528925617,1080000000.0,-0.4027777777777778,-0.34728682170542635,-0.2858565737051793,0.00515,,-
52370,2026-08-07,2026-06-30,1QFinancialStatements_Consolidated_JP,1Q,405000000.0,567000000.0,5522000000.0,178000000.0,21844000000.0,0.711,,-0.2857142857142857,5806000000.0,-0.04891491560454697,0.0733429916696849,0.008148690715986083,0.00711,,-
52620,2026-08-07,2026-06-30,1QFinancialStatements_Consolidated_JP,1Q,918000000.0,629000000.0,11707000000.0,1660000000.0,54510000000.0,0.775,,0.45945945945945943,8034000000.0,0.45718197659945226,0.07841462372939267,0.030453127866446522,0.00775,,TOPIX Small 1
52680,2026-08-07,2026-06-30,1QFinancialStatements_NonConsolidated_JP,1Q,291000000.0,64000000.0,1609000000.0,256000000.0,12815000000.0,0.778,,3.546875,1532000000.0,0.05026109660574418,0.18085767557489124,0.01997658993367148,0.0077800000000000005,,-
52690,2026-08-07,2026-06-30,1QFinancialStatements_Consolidated_JP,1Q,313000000.0,-129000000.0,12339000000.0,451000000.0,47726000000.0,0.51,,9.99,10905000000.0,0.13149931224209088,0.02536672339735797,0.009449775803545238,0.0051,,TOPIX Small 2
52870,2026-08-07,2026-06-30,1QFinancialStatements_NonConsolidated_JP,1Q,6000000.0,59000000.0,700000000.0,7000000.0,3954000000.0,0.754,,-0.8983050847457628,781000000.0,-0.10371318822023046,0.008571428571428572,0.0017703591299949419,0.00754,,-
52900,2026-08-07,2026-06-30,1QFinancialStatements_Consolidated_JP,1Q,484000000.0,1075000000.0,8787000000.0,772000000.0,43542000000.0,0.717,,-0.5497674418604651,8700000000.0,0.010000000000000009,0.055081370205986115,0.01773000780855266,0.007169999999999999,,-
53040,2026-08-07,2026-06-30,1QFinancialStatements_Consolidated_JP,1Q,764000000.0,609000000.0,5543000000.0,1224000000.0,77576000000.0,0.89,,0.2545155993431856,4378000000.0,0.2661032434901782,0.13783149918816526,0.015778075693513458,0.0089,,-
53100,2026-08-07,2026-06-30,2QFinancialStatements_Consolidated_JP,2Q,1778000000.0,3840000000.0,22370000000.0,1677000000.0,97623000000.0,0.816,,-0.5369791666666667,22980000000.0,-0.026544821583986078,0.07948144836835047,0.01717832887741618,0.008159999999999999,,TOPIX Small 1
53310,2026-08-07,2026-06-30,1QFinancialStatements_Consolidated_JP,1Q,4040000000.0,2188000000.0,39676000000.0,3910000000.0,180940000000.0,0.713,,0.8464351005484461,33443000000.0,0.18637682026134028,0.10182478072386329,0.021609373272908145,0.00713,,TOPIX Small 1
53420,2026-08-07,2026-06-30,1QFinancialStatements_Consolidated_JP,1Q,-12000000.0,-61000000.0,1278000000.0,-11000000.0,967000000.0,0.228,,-0.8032786885245902,1146000000.0,0.11518324607329844,-0.009389671361502348,-0.011375387797311272,0.00228,,
53560,2026-08-07,2026-06-30,1QFinancialStatements_Consolidated_JP,1Q,317000000.0,346000000.0,3522000000.0,236000000.0,16192000000.0,0.72,,-0.08381502890173409,3849000000.0,-0.08495713172252528,0.09000567859170926,0.01457509881422925,0.0072,,-
53570,2026-08-07,2026-06-30,1QFinancialStatements_Consolidated_JP,1Q,582000000.0,575000000.0,7218000000.0,456000000.0,34668000000.0,0.796,,0.012173913043478368,6901000000.0,0.04593537168526307,0.08063175394846218,0.013153340256143994,0.00796,,TOPIX Small 2
53810,2026-08-07,2026-06-30,1QFinancialStatements_Consolidated_JP,1Q,373000000.0,84000000.0,3247000000.0,246000000.0,9093000000.0,0.499,,3.4404761904761907,2693000000.0,0.20571852952098024,0.11487526947951955,0.027053777631144835,0.00499,,-
53880,2026-08-07,2026-06-30,1QFinancialStatements_Consolidated_JP,1Q,360000000.0,233000000.0,4184000000.0,285000000.0,23189000000.0,0.838,,0.5450643776824033,3719000000.0,0.12503361118580258,0.08604206500956023,0.012290310060804692,0.00838,,-
54080,2026-08-07,2026-06-30,1QFinancialStatements_Consolidated_JP,1Q,639000000.0,1787000000.0,38296000000.0,1912000000.0,110835000000.0,0.705,,-0.6424174594292109,38897000000.0,-0.015451063063989467,0.01668581575099227,0.017250868407993863,0.00705,,TOPIX Small 2
54580,2026-08-07,2026-06-30,1QFinancialStatements_Consolidated_JP,1Q,198000000.0,51000000.0,3121000000.0,133000000.0,5102000000.0,0.517,,2.8823529411764706,2916000000.0,0.07030178326474612,0.06344120474206985,0.026068208545668364,0.00517,,-
54610,2026-08-07,2026-06-30,1QFinancialStatements_Consolidated_JP,1Q,-312000000.0,340000000.0,15051000000.0,-125000000.0,73860000000.0,0.874,,-1.9176470588235293,12042000000.0,0.24987543597409068,-0.02072951963324696,-0.0016923910100189548,0.00874,,TOPIX Small 1
54630,2026-08-07,2026-06-30,1QFinancialStatements_Consolidated_JP,1Q,9290000000.0,6694000000.0,65032000000.0,5400000000.0,364977000000.0,0.812,,0.3878099790857483,59717000000.0,0.08900313143660932,0.14285274941567228,0.014795452864153083,0.00812,,TOPIX Mid400
54910,2026-08-07,2026-06-30,1QFinancialStatements_Consolidated_JP,1Q,434000000.0,153000000.0,12773000000.0,263000000.0,29491000000.0,0.444,,1.8366013071895426,12584000000.0,0.015019071837253595,0.03397792217959759,0.008917974975416229,0.00444,,-
55420,2026-08-07,2026-06-30,2QFinancialStatements_NonConsolidated_JP,2Q,426000000.0,358000000.0,3505000000.0,345000000.0,6058000000.0,0.694,,0.1899441340782122,3177000000.0,0.10324205225055083,0.12154065620542083,0.05694948827996038,0.006939999999999999,,-
55700,2026-08-07,2026-06-30,3QFinancialStatements_NonConsolidated_JP,3Q,586000000.0,570000000.0,1057000000.0,413000000.0,3656000000.0,0.903,,0.02807017543859658,1016000000.0,0.040354330708661346,0.554399243140965,0.11296498905908096,0.00903,,-
55970,2026-08-07,2026-06-30,2QFinancialStatements_NonConsolidated_JP,2Q,-180000000.0,-259000000.0,754000000.0,-176000000.0,55000000.0,0.043,,-0.30501930501930496,522000000.0,0.4444444444444444,-0.23872679045092837,-3.2,0.00043,,-
56950,2026-08-07,2026-06-30,1QFinancialStatements_Consolidated_JP,1Q,-28000000.0,103000000.0,2012000000.0,-28000000.0,12529000000.0,0.817,,-1.2718446601941746,2390000000.0,-0.15815899581589954,-0.013916500994035786,-0.002234815228669487,0.00817,,-
57060,2026-08-07,2026-06-30,1QFinancialStatements_Consolidated_JP,1Q,21027000000.0,11424000000.0,201597000000.0,16824000000.0,430465000000.0,0.587,,0.8405987394957983,169040000000.0,0.19259938476100325,0.10430214735338324,0.039083316878259555,0.005869999999999999,,TOPIX Mid400
57140,2026-08-07,2026-06-30,1QFinancialStatements_Consolidated_JP,1Q,24748000000.0,6494000000.0,253395000000.0,23452000000.0,475872000000.0,0.575,,2.8109023714197723,160129000000.0,0.5824429054075151,0.09766569979676,0.049282159908546834,0.00575,,TOPIX Mid400
57260,2026-08-07,2026-06-30,1QFinancialStatements_NonConsolidated_JP,1Q,1250000000.0,684000000.0,12382000000.0,784000000.0,44617000000.0,0.413,,0.827485380116959,12106000000.0,0.02279861225838431,0.10095299628492974,0.01757177757357061,0.00413,,TOPIX Small 1
57420,2026-08-07,2026-06-30,1QFinancialStatements_NonConsolidated_JP,1Q,26000000.0,63000000.0,1727000000.0,22000000.0,3239000000.0,0.49,,-0.5873015873015873,1641000000.0,0.05240706886045099,0.015055008685581933,0.006792219820932387,0.0049,,-
57530,2026-08-07,2026-06-30,1QFinancialStatements_NonConsolidated_JP,1Q,1011000000.0,321000000.0,10339000000.0,335000000.0,13032000000.0,0.696,,2.149532710280374,7090000000.0,0.45825105782792663,0.09778508559822033,0.02570595457335789,0.006959999999999999,,-
57570,2026-08-07,2026-06-30,1QFinancialStatements_Consolidated_JP,1Q,5606000000.0,1990000000.0,48939000000.0,1551000000.0,63981000000.0,0.499,,1.8170854271356784,35427000000.0,0.38140401388771283,0.11455076728171806,0.024241571716603367,0.00499,,TOPIX Small 2
58030,2026-08-07,2026-06-30,1QFinancialStatements_Consolidated_JP,1Q,104828000000.0,41086000000.0,402009000000.0,80434000000.0,641577000000.0,0.568,,1.5514287105096627,267908000000.0,0.5005486958209535,0.26076033123636533,0.12536920743729904,0.005679999999999999,,TOPIX Large70
58050,2026-08-07,2026-06-30,1QFinancialStatements_Consolidated_JP,1Q,8657000000.0,4955000000.0,77661000000.0,5708000000.0,109914000000.0,0.459,,0.7471241170534813,62157000000.0,0.24943288768762972,0.11147165243816072,0.0519315100897065,0.00459,,TOPIX Small 1
58200,2026-08-07,2026-06-30,1QFinancialStatements_Consolidated_JP,1Q,224000000.0,20000000.0,3543000000.0,131000000.0,7502000000.0,0.53,,10.2,2714000000.0,0.30545320560058964,0.06322325712672876,0.017462010130631832,0.0053,,-
58430,2026-08-07,2026-06-30,3QFinancialStatements_NonConsolidated_JP,3Q,835000000.0,549000000.0,3123000000.0,581000000.0,3052000000.0,0.526,,0.5209471766848817,2741000000.0,0.1393651951842394,0.26737111751520976,0.19036697247706422,0.00526,,-
58670,2026-08-07,2026-06-30,2QFinancialStatements_Consolidated_JP,2Q,500000000.0,188000000.0,2387000000.0,280000000.0,2231000000.0,0.564,,1.6595744680851063,1622000000.0,0.471639950678175,0.20946795140343527,0.12550425818018826,0.005639999999999999,,-
59020,2026-08-07,2026-06-30,1QFinancialStatements_Consolidated_JP,1Q,2680000000.0,2280000000.0,25653000000.0,2253000000.0,63917000000.0,0.438,,0.17543859649122817,23493000000.0,0.09194228067935128,0.10447121194402215,0.03524883833721858,0.00438,,TOPIX Small 2
59220,2026-08-07,2026-06-30,1QFinancialStatements_Consolidated_JP,1Q,782000000.0,440000000.0,5633000000.0,611000000.0,34487000000.0,0.705,,0.7772727272727273,5138000000.0,0.09634098871156094,0.13882478253151073,0.01771682083103778,0.00705,,-
59380,2026-08-07,2026-06-30,1QFinancialStatements_Consolidated_IFRS,1Q,1762000000.0,6844000000.0,379212000000.0,-3507000000.0,656709000000.0,0.338,,-0.7425482174167154,364680000000.0,0.03984863441921682,0.004646477432148772,-0.005340264866173602,0.00338,,TOPIX Mid400
59410,2026-08-07,2026-06-30,1QFinancialStatements_NonConsolidated_JP,1Q,-613000000.0,-673000000.0,6253000000.0,-382000000.0,21119000000.0,0.703,,-0.08915304606240715,5205000000.0,0.201344860710855,-0.09803294418679034,-0.018087977650456933,0.00703,,-
59430,2026-08-07,2026-06-30,2QFinancialStatements_Consolidated_JP,2Q,1834000000.0,1658000000.0,99566000000.0,4996000000.0,148129000000.0,0.613,,0.10615199034981915,98523000000.0,0.010586360545253415,0.018419942550669907,0.03372735926118451,0.00613,,TOPIX Small 1
59460,2026-08-07,2026-06-30,2QFinancialStatements_Consolidated_JP,2Q,561000000.0,76000000.0,21129000000.0,991000000.0,139784000000.0,0.919,,6.381578947368421,21140000000.0,-0.000520340586565804,0.02655118557432912,0.007089509528987581,0.00919,,TOPIX Small 2
59500,2026-08-07,2026-06-30,2QFinancialStatements_Consolidated_JP,2Q,-10000000.0,-46000000.0,2378000000.0,-14000000.0,2225000000.0,0.427,,-0.782608695652174,2454000000.0,-0.030969845150774278,-0.004205214465937763,-0.006292134831460674,0.0042699999999999995,,-
59520,2026-08-07,2026-06-30,1QFinancialStatements_Consolidated_JP,1Q,53000000.0,71000000.0,1327000000.0,40000000.0,1554000000.0,0.321,,-0.2535211267605634,1386000000.0,-0.04256854256854259,0.039939713639788994,0.02574002574002574,0.00321,,-
59530,2026-08-07,2026-06-30,1QFinancialStatements_Consolidated_JP,1Q,119000000.0,120000000.0,2929000000.0,164000000.0,13028000000.0,0.58,,-0.008333333333333304,3282000000.0,-0.10755636806825108,0.040628200751109594,0.012588271415412957,0.0058,,
59570,2026-08-07,2026-06-30,2QFinancialStatements_Consolidated_JP,2Q,1941000000.0,1505000000.0,25352000000.0,1203000000.0,42013000000.0,0.648,,0.28970099667774085,23859000000.0,0.06257596714028257,0.07656200694225308,0.028633994239878134,0.0064800000000000005,,TOPIX Small 2
59650,2026-08-07,2026-06-30,2QFinancialStatements_Consolidated_JP,2Q,1199000000.0,1390000000.0,22135000000.0,2734000000.0,29027000000.0,0.576,,-0.13741007194244603,22175000000.0,-0.0018038331454340861,0.05416760786085385,0.09418816963516725,0.0057599999999999995,,-
59660,2026-08-07,2026-06-30,1QFinancialStatements_Consolidated_JP,1Q,147000000.0,65000000.0,2030000000.0,98000000.0,13033000000.0,0.797,,1.2615384615384615,1801000000.0,0.12715158245419222,0.07241379310344828,0.007519373897030615,0.00797,,-
59690,2026-08-07,2026-06-30,1QFinancialStatements_Consolidated_JP,1Q,79000000.0,-17000000.0,1301000000.0,57000000.0,5028000000.0,0.596,,9.99,1369000000.0,-0.0496712929145362,0.06072252113758647,0.011336515513126491,0.00596,,-
59750,2026-08-07,2026-06-30,1QFinancialStatements_Consolidated_JP,1Q,6808000000.0,4873000000.0,100646000000.0,6562000000.0,251347000000.0,0.65,,0.3970859839934333,88120000000.0,0.14214707217430766,0.06764302605170598,0.026107333686099295,0.006500000000000001,,TOPIX Small 1
59850,2026-08-07,2026-06-30,1QFinancialStatements_Consolidated_JP,1Q,1880000000.0,2454000000.0,13290000000.0,1492000000.0,35332000000.0,0.63,,-0.23390383048084762,15410000000.0,-0.13757300454250487,0.14145974416854779,0.04222800860409827,0.0063,,TOPIX Small 2
59860,2026-08-07,2026-06-30,1QFinancialStatements_Consolidated_JP,1Q,212000000.0,36000000.0,11814000000.0,293000000.0,16454000000.0,0.462,,4.888888888888889,12137000000.0,-0.026612836780093962,0.017944811240900627,0.01780722012884405,0.00462,,-
59970,2026-08-07,2026-06-30,2QFinancialStatements_Consolidated_JP,2Q,272000000.0,255000000.0,5370000000.0,189000000.0,10153000000.0,0.685,,0.06666666666666665,5803000000.0,-0.07461657763225915,0.05065176908752328,0.018615187629272136,0.00685,,-
59980,2026-08-07,2026-06-30,1QFinancialStatements_Consolidated_JP,1Q,317000000.0,407000000.0,7852000000.0,301000000.0,10452000000.0,0.314,,-0.22113022113022118,7258000000.0,0.0818407274731332,0.040371879775853284,0.028798316111748948,0.00314,,-
60050,2026-08-07,2026-06-30,1QFinancialStatements_Consolidated_IFRS,1Q,3691000000.0,3510000000.0,58340000000.0,4582000000.0,247077000000.0,0.521,,0.05156695156695146,52514000000.0,0.11094184407967389,0.06326705519369215,0.018544826106841186,0.00521,,TOPIX Mid400
60290,2026-08-07,2026-06-30,2QFinancialStatements_Consolidated_JP,2Q,81000000.0,25000000.0,1619000000.0,-45000000.0,1656000000.0,0.486,,2.24,1883000000.0,-0.14020180562931495,0.05003088326127239,-0.02717391304347826,0.00486,,-
60550,2026-08-07,2026-06-30,1QFinancialStatements_Consolidated_JP,1Q,4741000000.0,3190000000.0,15974000000.0,3311000000.0,63540000000.0,0.832,,0.4862068965517241,13256000000.0,0.2050392275196138,0.2967947915362464,0.052108907774630155,0.00832,,TOPIX Small 1
60720,2026-08-07,2026-06-30,1QFinancialStatements_Consolidated_JP,1Q,-34000000.0,-16000000.0,810000000.0,-42000000.0,1392000000.0,0.705,,1.125,725000000.0,0.11724137931034484,-0.04197530864197531,-0.03017241379310345,0.00705,,-
60730,2026-08-07,2026-06-30,1QFinancialStatements_Consolidated_JP,1Q,209000000.0,464000000.0,3786000000.0,121000000.0,9403000000.0,0.659,,-0.5495689655172413,4229000000.0,-0.1047528966658785,0.05520338087691495,0.012868233542486441,0.00659,,TOPIX Small 2
60870,2026-08-07,2026-06-30,3QFinancialStatements_NonConsolidated_JP,3Q,780000000.0,695000000.0,8529000000.0,514000000.0,7142000000.0,0.767,,0.1223021582733812,7888000000.0,0.0812626774847871,0.0914526908195568,0.07196863623634836,0.00767,,-
60890,2026-08-07,2026-06-30,1QFinancialStatements_Consolidated_IFRS,1Q,930000000.0,394000000.0,40359000000.0,501000000.0,19942000000.0,0.36,,1.3604060913705585,35207000000.0,0.1463345357457324,0.02304318739314651,0.02512285628322134,0.0036,,TOPIX Small 2
60900,2026-08-07,2026-06-30,FYFinancialStatements_Consolidated_JP,FY,209000000.0,249000000.0,1421000000.0,200000000.0,1828000000.0,0.802,220000000.0,-0.1606425702811245,1455000000.0,-0.023367697594501746,0.1470795214637579,0.10940919037199125,0.008020000000000001,0.05263157894736836,-
60980,2026-08-07,2026-06-30,1QFinancialStatements_Consolidated_IFRS,1Q,255413000000.0,153734000000.0,1045350000000.0,202618000000.0,1787707000000.0,0.61,,0.6613956574342696,878839000000.0,0.1894670127292939,0.2443325202085426,0.11333960207125664,0.0060999999999999995,,TOPIX Core30
61380,2026-08-07,2026-06-30,1QFinancialStatements_Consolidated_JP,1Q,508000000.0,138000000.0,2799000000.0,451000000.0,10081000000.0,0.533,,2.681159420289855,2236000000.0,0.25178890876565285,0.18149339049660593,0.04473762523559171,0.0053300000000000005,,-
61400,2026-08-07,2026-06-30,1QFinancialStatements_Consolidated_JP,1Q,1457000000.0,585000000.0,11125000000.0,1176000000.0,65892000000.0,0.789,,1.4905982905982906,10026000000.0,0.10961500099740684,0.13096629213483146,0.017847386632671644,0.007890000000000001,,TOPIX Small 1
61430,2026-08-07,2026-06-30,2QFinancialStatements_Consolidated_JP,2Q,4452000000.0,2150000000.0,46921000000.0,3981000000.0,95536000000.0,0.595,,1.0706976744186045,37980000000.0,0.2354133754607688,0.09488288825898851,0.04167015575280523,0.0059499999999999996,,TOPIX Small 1
61450,2026-08-07,2026-06-30,1QFinancialStatements_Consolidated_JP,1Q,72000000.0,338000000.0,6437000000.0,300000000.0,41181000000.0,0.621,,-0.7869822485207101,6337000000.0,0.01578033769922671,0.011185334783284139,0.007284912945290304,0.00621,,-
61470,2026-08-07,2026-06-30,1QFinancialStatements_Consolidated_JP,1Q,-51000000.0,-32000000.0,496000000.0,-26000000.0,1007000000.0,0.27,,0.59375,581000000.0,-0.14629948364888123,-0.1028225806451613,-0.025819265143992055,0.0027,,-
61510,2026-08-07,2026-06-30,1QFinancialStatements_Consolidated_JP,1Q,471000000.0,452000000.0,7102000000.0,351000000.0,61151000000.0,0.891,,0.042035398230088505,6586000000.0,0.0783480109322805,0.06631934666291185,0.005739889781033835,0.00891,,TOPIX Small 2
61550,2026-08-07,2026-06-30,1QFinancialStatements_Consolidated_JP,1Q,43000000.0,-62000000.0,3413000000.0,44000000.0,16304000000.0,0.776,,9.99,3459000000.0,-0.013298641225787833,0.01259888661002051,0.0026987242394504417,0.00776,,-
61650,2026-08-07,2026-06-30,1QFinancialStatements_Consolidated_JP,1Q,566000000.0,384000000.0,10852000000.0,375000000.0,24297000000.0,0.706,,0.47395833333333326,10171000000.0,0.06695506833153075,0.052156284555842244,0.015434004198049142,0.0070599999999999994,,-
61670,2026-08-07,2026-06-30,1QFinancialStatements_Consolidated_JP,1Q,618000000.0,175000000.0,5051000000.0,442000000.0,20224000000.0,0.784,,2.5314285714285716,4125000000.0,0.2244848484848485,0.1223520095030687,0.02185522151898734,0.00784,,TOPIX Small 2
61710,2026-08-07,2026-06-30,2QFinancialStatements_Consolidated_JP,2Q,304000000.0,239000000.0,3841000000.0,148000000.0,5245000000.0,0.719,,0.2719665271966527,3566000000.0,0.07711721817162087,0.07914605571465765,0.028217349857006673,0.007189999999999999,,-
61860,2026-08-07,2026-06-30,1QFinancialStatements_Consolidated_JP,1Q,-466000000.0,-605000000.0,3917000000.0,-334000000.0,2270000000.0,0.131,,-0.22975206611570242,3947000000.0,-0.007600709399543937,-0.11896859841715599,-0.14713656387665197,0.00131,,-
62080,2026-08-07,2026-06-30,1QFinancialStatements_Consolidated_JP,1Q,316000000.0,234000000.0,3784000000.0,228000000.0,6162000000.0,0.244,,0.3504273504273505,3611000000.0,0.04790916643589038,0.08350951374207188,0.03700097370983447,0.00244,,-
62090,2026-08-07,2026-06-30,1QFinancialStatements_Consolidated_JP,1Q,1572000000.0,3269000000.0,40310000000.0,3071000000.0,174413000000.0,0.675,,-0.5191189966350567,39745000000.0,0.01421562460686876,0.03899776730339866,0.017607632458589668,0.006750000000000001,,TOPIX Small 1
62230,2026-08-07,2026-06-30,2QFinancialStatements_Consolidated_JP,2Q,2562000000.0,2031000000.0,18132000000.0,2555000000.0,33108000000.0,0.652,,0.26144756277695724,13897000000.0,0.304742030654098,0.1412971542025149,0.07717168056058958,0.006520000000000001,,-
62270,2026-08-07,2026-06-30,FYFinancialStatements_Consolidated_JP,FY,5810000000.0,2095000000.0,35244000000.0,3560000000.0,14490000000.0,0.482,7610000000.0,1.7732696897374702,21005000000.0,0.677886217567246,0.1648507547383952,0.24568668046928915,0.00482,0.30981067125645434,-
62310,2026-08-07,2026-06-30,1QFinancialStatements_NonConsolidated_JP,1Q,1643000000.0,988000000.0,5474000000.0,1168000000.0,14581000000.0,0.571,,0.6629554655870444,3901000000.0,0.4032299410407587,0.3001461454146876,0.08010424525066868,0.00571,,-
62330,2026-08-07,2026-06-30,3QFinancialStatements_Consolidated_JP,3Q,257000000.0,222000000.0,7534000000.0,139000000.0,3176000000.0,0.333,,0.1576576576576576,7109000000.0,0.05978337318891547,0.0341120254844704,0.04376574307304786,0.00333,,-
62350,2026-08-07,2026-06-30,2QFinancialStatements_Consolidated_JP,2Q,1087000000.0,1107000000.0,15853000000.0,-17000000.0,93901000000.0,0.666,,-0.01806684733513997,13850000000.0,0.14462093862815895,0.06856746357156374,-0.00018104173544477694,0.00666,,TOPIX Small 1
62370,2026-08-07,2026-06-30,1QFinancialStatements_Consolidated_JP,1Q,1648000000.0,1285000000.0,12945000000.0,1434000000.0,42189000000.0,0.734,,0.28249027237354096,11246000000.0,0.15107593811132847,0.12730784086519892,0.03398990258124156,0.00734,,TOPIX Small 2
62380,2026-08-07,2026-06-30,1QFinancialStatements_Consolidated_JP,1Q,1073000000.0,702000000.0,12019000000.0,681000000.0,23246000000.0,0.81,,0.5284900284900285,10104000000.0,0.189528899445764,0.08927531408603046,0.02929536264303536,0.008100000000000001,,TOPIX Small 2
62390,2026-08-07,2026-06-30,FYFinancialStatements_Consolidated_JP,FY,499000000.0,1519000000.0,7468000000.0,327000000.0,7966000000.0,0.758,1700000000.0,-0.6714944042132982,8917000000.0,-0.16249859818324552,0.06681842528119979,0.041049460205874966,0.00758,2.406813627254509,-
62400,2026-08-07,2026-06-30,1QFinancialStatements_Consolidated_JP,1Q,486000000.0,659000000.0,5405000000.0,337000000.0,21928000000.0,0.746,,-0.2625189681335357,5096000000.0,0.06063579277864983,0.08991674375578168,0.015368478657424297,0.00746,,TOPIX Small 2
62450,2026-08-07,2026-06-30,1QFinancialStatements_Consolidated_JP,1Q,147000000.0,821000000.0,6083000000.0,163000000.0,39627000000.0,0.736,,-0.8209500609013398,10719000000.0,-0.43250303199925366,0.024165707710011506,0.004113357054533525,0.00736,,-
62460,2026-08-07,2026-06-30,1QFinancialStatements_NonConsolidated_JP,1Q,570000000.0,1393000000.0,4417000000.0,407000000.0,20970000000.0,0.703,,-0.5908111988513999,6653000000.0,-0.3360889824139486,0.12904686438759339,0.019408679065331426,0.00703,,-
62470,2026-08-07,2026-06-30,1QFinancialStatements_Consolidated_JP,1Q,798000000.0,587000000.0,10211000000.0,848000000.0,64350000000.0,0.772,,0.35945485519591136,9456000000.0,0.07984348561759735,0.07815101361277055,0.013177933177933178,0.00772,,TOPIX Small 2
62480,2026-08-07,2026-06-30,1QFinancialStatements_NonConsolidated_JP,1Q,29000000.0,63000000.0,320000000.0,20000000.0,3063000000.0,0.901,,-0.5396825396825398,371000000.0,-0.13746630727762799,0.090625,0.00652954619653934,0.00901,,-
62500,2026-08-07,2026-06-30,2QFinancialStatements_Consolidated_JP,2Q,16086000000.0,11743000000.0,103782000000.0,11578000000.0,131732000000.0,0.703,,0.3698373499105849,91288000000.0,0.13686355271229522,0.15499797652772157,0.08789056569398476,0.00703,,TOPIX Small 1
62540,2026-08-07,2026-06-30,1QFinancialStatements_Consolidated_JP,1Q,628000000.0,1378000000.0,9202000000.0,239000000.0,38542000000.0,0.339,,-0.5442670537010159,12403000000.0,-0.25808272192211557,0.06824603347098457,0.0062010274505734,0.0033900000000000002,,TOPIX Small 1
62580,2026-08-07,2026-06-30,1QFinancialStatements_Consolidated_JP,1Q,3868000000.0,1713000000.0,25883000000.0,2636000000.0,78289000000.0,0.599,,1.2580268534734382,22128000000.0,0.16969450469992764,0.149441718502492,0.033670119684757756,0.00599,,TOPIX Small 1
62690,2026-08-07,2026-06-30,2QFinancialStatements_Consolidated_IFRS,2Q,47583000000.0,24935000000.0,397376000000.0,36382000000.0,272632000000.0,0.324,,0.9082815319831563,300378000000.0,0.32291978773412167,0.11974301417297471,0.13344728425129845,0.0032400000000000003,,TOPIX Mid400
62730,2026-08-07,2026-06-30,1QFinancialStatements_Consolidated_JP,1Q,73986000000.0,44456000000.0,270987000000.0,67863000000.0,2154827000000.0,0.91,,0.664252294403455,200180000000.0,0.35371665501049065,0.2730241672109732,0.031493479522950105,0.0091,,TOPIX Large70
62770,2026-08-07,2026-06-30,3QFinancialStatements_Consolidated_JP,3Q,2650000000.0,5688000000.0,60911000000.0,2142000000.0,71837000000.0,0.677,,-0.5341068917018283,58298000000.0,0.04482143469758815,0.043506099062566694,0.02981750351490179,0.006770000000000001,,TOPIX Small 1
62860,2026-08-07,2026-06-30,1QFinancialStatements_Consolidated_JP,1Q,457000000.0,346000000.0,11141000000.0,294000000.0,17812000000.0,0.587,,0.3208092485549132,10678000000.0,0.0433601798089529,0.0410196571223409,0.016505726476532676,0.005869999999999999,,-
62940,2026-08-07,2026-06-30,1QFinancialStatements_Consolidated_JP,1Q,339000000.0,517000000.0,5978000000.0,216000000.0,17884000000.0,0.453,,-0.344294003868472,6161000000.0,-0.02970297029702973,0.05670792907326865,0.01207783493625587,0.00453,,-
63100,2026-08-07,2026-06-30,2QFinancialStatements_Consolidated_JP,2Q,5575000000.0,4356000000.0,101917000000.0,3105000000.0,83535000000.0,0.351,,0.2798438934802572,100868000000.0,0.01039973034064312,0.05470137464799788,0.037170048482671934,0.0035099999999999997,,TOPIX Small 2
63170,2026-08-07,2026-06-30,1QFinancialStatements_Consolidated_JP,1Q,745000000.0,516000000.0,14263000000.0,935000000.0,46968000000.0,0.541,,0.443798449612403,13476000000.0,0.058400118729593276,0.052233050550375096,0.01990717083972066,0.005410000000000001,,TOPIX Small 2
63240,2026-08-07,2026-06-30,1QFinancialStatements_Consolidated_JP,1Q,1840000000.0,122000000.0,16681000000.0,1274000000.0,81386000000.0,0.719,,14.081967213114755,13496000000.0,0.2359958506224067,0.11030513758167976,0.015653797950507458,0.007189999999999999,,TOPIX Small 2
63300,2026-08-07,2026-06-30,1QFinancialStatements_Consolidated_JP,1Q,1917000000.0,669000000.0,48108000000.0,2878000000.0,46785000000.0,0.189,,1.8654708520179373,49348000000.0,-0.025127664748318068,0.03984784235470192,0.06151544298386235,0.00189,,TOPIX Small 2
63340,2026-08-07,2026-06-30,1QFinancialStatements_Consolidated_JP,1Q,-304000000.0,-136000000.0,1079000000.0,-369000000.0,2654000000.0,0.468,,1.2352941176470589,1181000000.0,-0.08636748518204906,-0.28174235403151066,-0.13903541823662396,0.00468,,-
63380,2026-08-07,2026-06-30,3QFinancialStatements_NonConsolidated_JP,3Q,-96000000.0,413000000.0,4177000000.0,-6000000.0,9862000000.0,0.645,,-1.2324455205811138,4841000000.0,-0.13716174344143772,-0.022983002154656453,-0.0006083958629081322,0.00645,,-
63390,2026-08-07,2026-06-30,1QFinancialStatements_Consolidated_JP,1Q,1104000000.0,712000000.0,39815000000.0,681000000.0,122699000000.0,0.495,,0.550561797752809,41425000000.0,-0.038865419432709714,0.027728243124450585,0.005550167483027572,0.0049499999999999995,,TOPIX Small 2
63510,2026-08-07,2026-06-30,1QFinancialStatements_Consolidated_JP,1Q,2852000000.0,3001000000.0,19479000000.0,2640000000.0,106293000000.0,0.757,,-0.04965011662779073,18111000000.0,0.07553420573132352,0.14641408696544997,0.024837007140639553,0.00757,,TOPIX Small 2
63580,2026-08-07,2026-06-30,1QFinancialStatements_Consolidated_JP,1Q,-72000000.0,149000000.0,5620000000.0,-16000000.0,31790000000.0,0.731,,-1.483221476510067,5749000000.0,-0.022438684988693725,-0.012811387900355872,-0.0005033029254482541,0.00731,,TOPIX Small 2
63600,2026-08-07,2026-06-30,1QFinancialStatements_NonConsolidated_JP,1Q,-188000000.0,-137000000.0,912000000.0,-90000000.0,10350000000.0,0.58,,0.37226277372262784,1385000000.0,-0.3415162454873646,-0.20614035087719298,-0.008695652173913044,0.0058,,-
63650,2026-08-07,2026-06-30,1QFinancialStatements_Consolidated_JP,1Q,730000000.0,243000000.0,5827000000.0,627000000.0,31095000000.0,0.808,,2.0041152263374484,5344000000.0,0.09038173652694614,0.12527887420628112,0.020164013506994694,0.00808,,-
63690,2026-08-07,2026-06-30,1QFinancialStatements_Consolidated_JP,1Q,-377000000.0,1060000000.0,13988000000.0,-109000000.0,39611000000.0,0.543,,-1.3556603773584905,12675000000.0,0.10358974358974349,-0.02695167286245353,-0.0027517608745045567,0.005430000000000001,,TOPIX Small 2
63780,2026-08-07,2026-06-30,1QFinancialStatements_Consolidated_JP,1Q,523000000.0,197000000.0,5837000000.0,370000000.0,20082000000.0,0.645,,1.6548223350253806,6209000000.0,-0.05991302947334509,0.08960082234024327,0.01842445971516781,0.00645,,TOPIX Small 2
63790,2026-08-07,2026-06-30,1QFinancialStatements_Consolidated_JP,1Q,1228000000.0,1021000000.0,38834000000.0,708000000.0,89465000000.0,0.751,,0.2027424094025465,35753000000.0,0.0861745867479653,0.03162177473348097,0.007913709271782261,0.00751,,TOPIX Small 2
63900,2026-08-07,2026-06-30,1QFinancialStatements_Consolidated_JP,1Q,-79000000.0,-635000000.0,10023000000.0,-17000000.0,41949000000.0,0.462,,-0.8755905511811024,12429000000.0,-0.19357953174028486,-0.007881871695101267,-0.00040525399890343035,0.00462,,-
63920,2026-08-07,2026-06-30,1QFinancialStatements_Consolidated_JP,1Q,647000000.0,649000000.0,4317000000.0,481000000.0,18727000000.0,0.763,,-0.0030816640986132127,3721000000.0,0.16017199677506055,0.1498725967106787,0.025684840070486464,0.0076300000000000005,,-
63930,2026-08-07,2026-06-30,1QFinancialStatements_Consolidated_JP,1Q,312000000.0,338000000.0,7716000000.0,226000000.0,28310000000.0,0.487,,-0.07692307692307687,7622000000.0,0.01233272107058525,0.04043545878693624,0.007983044860473331,0.00487,,-
63960,2026-08-07,2026-06-30,1QFinancialStatements_NonConsolidated_JP,1Q,314000000.0,124000000.0,1270000000.0,334000000.0,3980000000.0,0.477,,1.532258064516129,1290000000.0,-0.015503875968992276,0.247244094488189,0.08391959798994975,0.00477,,-
64000,2026-08-07,2026-06-30,2QFinancialStatements_Consolidated_JP,2Q,358000000.0,273000000.0,4413000000.0,201000000.0,4143000000.0,0.405,,0.31135531135531136,4418000000.0,-0.0011317338162064594,0.08112395196011783,0.048515568428674875,0.004050000000000001,,-
64050,2026-08-07,2026-06-30,1QFinancialStatements_Consolidated_JP,1Q,258000000.0,25000000.0,4027000000.0,203000000.0,12958000000.0,0.671,,9.32,3452000000.0,0.16657010428736974,0.06406754407747703,0.01566599783917271,0.006710000000000001,,-
64120,2026-08-07,2026-06-30,1QFinancialStatements_Consolidated_JP,1Q,15572000000.0,15353000000.0,77764000000.0,7941000000.0,252825000000.0,0.233,,0.014264313163551146,70249000000.0,0.10697661176671547,0.20024690087958438,0.03140907742509641,0.00233,,TOPIX Small 1
64250,2026-08-07,2026-06-30,2QFinancialStatements_Consolidated_JP,2Q,10219000000.0,847000000.0,76566000000.0,62000000.0,128383000000.0,0.341,,11.064935064935066,62175000000.0,0.23145958986730997,0.13346655173314526,0.00048292998294166675,0.0034100000000000003,,-
64280,2026-08-07,2026-06-30,1QFinancialStatements_Consolidated_JP,1Q,629000000.0,180000000.0,6227000000.0,597000000.0,18864000000.0,0.472,,2.4944444444444445,4820000000.0,0.29190871369294613,0.10101172314115947,0.03164758269720102,0.004719999999999999,,-
64300,2026-08-07,2026-06-30,1QFinancialStatements_Consolidated_JP,1Q,2314000000.0,3526000000.0,12360000000.0,1480000000.0,50292000000.0,0.864,,-0.3437322745320477,15331000000.0,-0.19379035940251776,0.1872168284789644,0.029428139664360135,0.00864,,TOPIX Small 2
64330,2026-08-07,2026-06-30,1QFinancialStatements_Consolidated_JP,1Q,-5000000.0,-49000000.0,598000000.0,-6000000.0,2104000000.0,0.493,,-0.8979591836734694,464000000.0,0.2887931034482758,-0.008361204013377926,-0.0028517110266159697,0.00493,,-
64390,2026-08-07,2026-06-30,1QFinancialStatements_NonConsolidated_JP,1Q,48000000.0,-37000000.0,1267000000.0,63000000.0,3003000000.0,0.342,,9.99,1204000000.0,0.05232558139534893,0.037884767166535126,0.02097902097902098,0.0034200000000000003,,
64440,2026-08-07,2026-06-30,2QFinancialStatements_Consolidated_JP,2Q,-21000000.0,-1493000000.0,108512000000.0,1349000000.0,32423000000.0,0.163,,-0.9859343603482921,93694000000.0,0.15815313680705279,-0.00019352698319079916,0.04160626715603121,0.0016300000000000002,,-
64450,2026-08-07,2026-06-30,1QFinancialStatements_Consolidated_JP,1Q,809000000.0,118000000.0,10481000000.0,737000000.0,35958000000.0,0.675,,5.8559322033898304,7999000000.0,0.3102887860982624,0.07718729128899914,0.02049613437899772,0.006750000000000001,,TOPIX Small 2
64570,2026-08-07,2026-06-30,1QFinancialStatements_Consolidated_IFRS,1Q,4847000000.0,2057000000.0,80594000000.0,3491000000.0,218047000000.0,0.468,,1.3563441905687896,72331000000.0,0.11423870816109272,0.060140953420850185,0.016010309703871184,0.00468,,TOPIX Mid400
64600,2026-08-07,2026-06-30,1QFinancialStatements_Consolidated_JP,1Q,2384000000.0,-519000000.0,95028000000.0,2169000000.0,355323000000.0,0.582,,9.99,81026000000.0,0.17280872806259717,0.02508734267794755,0.006104305097052541,0.00582,,TOPIX Mid400
64630,2026-08-07,2026-06-30,1QFinancialStatements_Consolidated_JP,1Q,2061000000.0,1539000000.0,47136000000.0,1167000000.0,209302000000.0,0.576,,0.3391812865497077,43866000000.0,0.07454520585419222,0.04372454175152749,0.005575675339939417,0.0057599999999999995,,TOPIX Small 1
64660,2026-08-07,2026-06-30,3QFinancialStatements_Consolidated_JP,3Q,1076000000.0,530000000.0,8543000000.0,789000000.0,12852000000.0,0.765,,1.030188679245283,7405000000.0,0.15367994598244428,0.12595107105232353,0.061391223155929035,0.0076500000000000005,,-
64800,2026-08-07,2026-06-30,1QFinancialStatements_Consolidated_JP,1Q,2793000000.0,731000000.0,19847000000.0,2440000000.0,87251000000.0,0.683,,2.820793433652531,14938000000.0,0.32862498326415857,0.14072655817000052,0.027965295526698835,0.00683,,TOPIX Small 2
64820,2026-08-07,2026-06-30,1QFinancialStatements_Consolidated_JP,1Q,522000000.0,158000000.0,6007000000.0,382000000.0,34049000000.0,0.853,,2.3037974683544302,5321000000.0,0.12892313474910733,0.08689861827867489,0.011219125378131516,0.00853,,TOPIX Small 2
64920,2026-08-07,2026-06-30,3QFinancialStatements_Consolidated_JP,3Q,2606000000.0,1163000000.0,8879000000.0,1872000000.0,13822000000.0,0.781,,1.240756663800516,5709000000.0,0.5552636188474338,0.29350152044149114,0.13543626103313558,0.00781,,-
64980,2026-08-07,2026-06-30,2QFinancialStatements_Consolidated_JP,2Q,8143000000.0,7933000000.0,98232000000.0,6549000000.0,125751000000.0,0.576,,0.02647170049161729,86380000000.0,0.13720768696457508,0.08289559410375438,0.052079108714841234,0.0057599999999999995,,TOPIX Small 1
65040,2026-08-07,2026-06-30,1QFinancialStatements_Consolidated_JP,1Q,25019000000.0,18091000000.0,273259000000.0,20696000000.0,833397000000.0,0.582,,0.38295284948316843,247916000000.0,0.10222414043466332,0.09155782609172983,0.024833302735670994,0.00582,,TOPIX Mid400
65070,2026-08-07,2026-06-30,1QFinancialStatements_Consolidated_JP,1Q,2928000000.0,2253000000.0,26335000000.0,2122000000.0,101872000000.0,0.62,,0.2996005326231692,23002000000.0,0.144900443439701,0.11118283652933358,0.02083006125333752,0.0062,,TOPIX Small 1
65180,2026-08-07,2026-06-30,1QFinancialStatements_Consolidated_JP,1Q,397000000.0,201000000.0,4927000000.0,270000000.0,12892000000.0,0.641,,0.9751243781094527,3971000000.0,0.2407454041803072,0.08057641566876396,0.020943220601923673,0.00641,,-
65490,2026-08-07,2026-06-30,1QFinancialStatements_Consolidated_JP,1Q,299000000.0,100000000.0,8298000000.0,192000000.0,4063000000.0,0.408,,1.9900000000000002,5274000000.0,0.5733788395904438,0.03603277898288744,0.04725572237263106,0.004079999999999999,,-
65680,2026-08-07,2026-06-30,1QFinancialStatements_NonConsolidated_JP,1Q,51000000.0,-9000000.0,2118000000.0,41000000.0,14011000000.0,0.664,,9.99,1694000000.0,0.2502951593860685,0.024079320113314446,0.002926272214688459,0.00664,,-
65800,2026-08-07,2026-06-30,1QFinancialStatements_Consolidated_JP,1Q,8000000.0,31000000.0,616000000.0,4000000.0,3077000000.0,0.879,,-0.7419354838709677,814000000.0,-0.2432432432432432,0.012987012987012988,0.0012999675008124798,0.00879,,-
65840,2026-08-07,2026-06-30,1QFinancialStatements_Consolidated_JP,1Q,938000000.0,2250000000.0,42780000000.0,8000000.0,51916000000.0,0.336,,-0.5831111111111111,40263000000.0,0.06251397064302222,0.021926133707339878,0.00015409507666230065,0.00336,,TOPIX Small 2
65880,2026-08-07,2026-06-30,1QFinancialStatements_Consolidated_JP,1Q,4388000000.0,-2118000000.0,148894000000.0,2010000000.0,103589000000.0,0.269,,9.99,121367000000.0,0.22680794614681088,0.029470630112697623,0.019403604629835213,0.00269,,TOPIX Small 1
66120,2026-08-07,2026-06-30,2QFinancialStatements_Consolidated_JP,2Q,-314000000.0,-384000000.0,4365000000.0,-331000000.0,2483000000.0,0.621,,-0.18229166666666663,5187000000.0,-0.15847310584152685,-0.07193585337915234,-0.1333064840918244,0.00621,,-
66200,2026-08-07,2026-06-30,1QFinancialStatements_Consolidated_JP,1Q,-212000000.0,-7000000.0,0.0,-84000000.0,26326000000.0,0.924,,29.285714285714285,163000000.0,-1.0,,-0.0031907619843500722,0.00924,,TOPIX Small 2
66260,2026-08-07,2026-06-30,1QFinancialStatements_Consolidated_JP,1Q,1178000000.0,972000000.0,6905000000.0,946000000.0,24683000000.0,0.791,,0.2119341563786008,6247000000.0,0.10533055866816077,0.17060101375814626,0.03832597334197626,0.00791,,-
66330,2026-08-07,2026-06-30,2QFinancialStatements_Consolidated_JP,2Q,81000000.0,195000000.0,2883000000.0,31000000.0,3390000000.0,0.446,,-0.5846153846153845,2250000000.0,0.28133333333333344,0.02809573361082206,0.009144542772861357,0.00446,,-
66370,2026-08-07,2026-06-30,1QFinancialStatements_Consolidated_JP,1Q,1450000000.0,1171000000.0,16761000000.0,941000000.0,56279000000.0,0.688,,0.23825789923142615,13593000000.0,0.2330611344074156,0.08651035141101367,0.016720268661490078,0.00688,,-
66380,2026-08-07,2026-06-30,1QFinancialStatements_Consolidated_JP,1Q,2351000000.0,1934000000.0,20052000000.0,1621000000.0,41293000000.0,0.476,,0.21561530506721827,19413000000.0,0.032916087158090024,0.11724516257729903,0.0392560482406219,0.0047599999999999995,,TOPIX Small 2
66470,2026-08-07,2026-06-30,1QFinancialStatements_Consolidated_JP,1Q,280000000.0,127000000.0,2371000000.0,199000000.0,6171000000.0,0.656,,1.204724409448819,2010000000.0,0.1796019900497512,0.11809363137916491,0.03224760978771674,0.00656,,-
66480,2026-08-07,2026-06-30,1QFinancialStatements_NonConsolidated_JP,1Q,965000000.0,1035000000.0,6510000000.0,678000000.0,20729000000.0,0.744,,-0.06763285024154586,7377000000.0,-0.11752745018300126,0.14823348694316435,0.032707800665734,0.0074399999999999996,,-
66550,2026-08-07,2026-06-30,1QFinancialStatements_Consolidated_JP,1Q,35000000.0,-19000000.0,1903000000.0,70000000.0,6884000000.0,0.61,,9.99,1861000000.0,0.022568511552928605,0.01839201261166579,0.010168506682161535,0.0060999999999999995,,
66620,2026-08-07,2026-06-30,FYFinancialStatements_Consolidated_JP,FY,49000000.0,-167000000.0,1304000000.0,49000000.0,1564000000.0,0.851,,9.99,1235000000.0,0.05587044534412966,0.037576687116564415,0.03132992327365729,0.00851,,-
66750,2026-08-07,2026-06-30,1QFinancialStatements_Consolidated_JP,1Q,286000000.0,775000000.0,11215000000.0,15241000000.0,47129000000.0,0.663,,-0.6309677419354839,10911000000.0,0.027861790853267454,0.025501560410164957,0.3233889961594772,0.0066300000000000005,,-
66990,2026-08-07,2026-06-30,1QFinancialStatements_Consolidated_JP,1Q,606000000.0,381000000.0,24967000000.0,204000000.0,15091000000.0,0.172,,0.5905511811023623,22933000000.0,0.08869314960973274,0.024272039091600913,0.013517990855476775,0.00172,,TOPIX Small 2
67060,2026-08-07,2026-06-30,1QFinancialStatements_Consolidated_JP,1Q,-4000000.0,-433000000.0,7483000000.0,1307000000.0,37819000000.0,0.736,,-0.9907621247113164,5983000000.0,0.2507103459802775,-0.0005345449685954831,0.03455934847563394,0.00736,,TOPIX Small 2
67420,2026-08-07,2026-06-30,1QFinancialStatements_Consolidated_JP,1Q,97000000.0,-1644000000.0,14794000000.0,398000000.0,54254000000.0,0.504,,9.99,12251000000.0,0.20757489184556355,0.006556712180613762,0.007335864636708814,0.00504,,TOPIX Small 2
67430,2026-08-07,2026-06-30,1QFinancialStatements_Consolidated_JP,1Q,530000000.0,241000000.0,5675000000.0,384000000.0,32609000000.0,0.569,,1.199170124481328,5083000000.0,0.11646665355105257,0.0933920704845815,0.011775890091692477,0.00569,,-
67530,2026-08-07,2026-06-30,1QFinancialStatements_Consolidated_JP,1Q,8210000000.0,15302000000.0,435204000000.0,3115000000.0,308241000000.0,0.202,,-0.4634688276042347,472490000000.0,-0.07891383944633745,0.018864716316945616,0.01010572895883416,0.00202,,TOPIX Mid400
67720,2026-08-07,2026-06-30,1QFinancialStatements_Consolidated_JP,1Q,34000000.0,247000000.0,2068000000.0,56000000.0,7659000000.0,0.668,,-0.8623481781376519,2502000000.0,-0.17346123101518784,0.01644100580270793,0.007311659485572529,0.00668,,-
67750,2026-08-07,2026-06-30,1QFinancialStatements_Consolidated_JP,1Q,-107000000.0,-22000000.0,446000000.0,-115000000.0,476000000.0,0.361,,3.8636363636363633,622000000.0,-0.28295819935691313,-0.2399103139013453,-0.2415966386554622,0.00361,,-
67770,2026-08-07,2026-06-30,1QFinancialStatements_Consolidated_JP,1Q,3104000000.0,2077000000.0,9355000000.0,2709000000.0,28839000000.0,0.73,,0.4944631680308136,6186000000.0,0.5122858066602005,0.3318011758417958,0.09393529595339645,0.0073,,-
67790,2026-08-07,2026-06-30,1QFinancialStatements_Consolidated_IFRS,1Q,1239000000.0,780000000.0,15324000000.0,777000000.0,32854000000.0,0.425,,0.5884615384615384,12720000000.0,0.20471698113207548,0.08085356303837118,0.023650088269312718,0.00425,,TOPIX Small 2
67940,2026-08-07,2026-06-30,1QFinancialStatements_Consolidated_JP,1Q,585000000.0,1767000000.0,35097000000.0,128000000.0,76363000000.0,0.595,,-0.6689303904923599,32136000000.0,0.09213965646004474,0.016668091289853835,0.0016762044445608475,0.0059499999999999996,,TOPIX Small 2
68030,2026-08-07,2026-06-30,1QFinancialStatements_Consolidated_IFRS,1Q,23000000.0,-292000000.0,3622000000.0,-29000000.0,4069000000.0,0.373,,9.99,3152000000.0,0.1491116751269035,0.006350082827167311,-0.0071270582452691075,0.00373,,-
68040,2026-08-07,2026-06-30,1QFinancialStatements_Consolidated_JP,1Q,4422000000.0,2391000000.0,98130000000.0,3636000000.0,154023000000.0,0.665,,0.8494353826850689,116340000000.0,-0.1565239814337287,0.04506267196575971,0.02360686390993553,0.0066500000000000005,,TOPIX Small 1
68360,2026-08-07,2026-06-30,1QFinancialStatements_Consolidated_JP,1Q,34000000.0,-6000000.0,401000000.0,32000000.0,479000000.0,0.465,,9.99,304000000.0,0.319078947368421,0.08478802992518704,0.06680584551148225,0.0046500000000000005,,-
68370,2026-08-07,2026-06-30,1QFinancialStatements_Consolidated_JP,1Q,361000000.0,183000000.0,6495000000.0,162000000.0,10479000000.0,0.396,,0.9726775956284153,6118000000.0,0.061621444916639456,0.055581216320246346,0.015459490409390209,0.00396,,-
68440,2026-08-07,2026-06-30,1QFinancialStatements_Consolidated_JP,1Q,939000000.0,1454000000.0,29287000000.0,823000000.0,73480000000.0,0.485,,-0.3541953232462174,27185000000.0,0.07732205260253822,0.03206200703383754,0.011200326619488296,0.00485,,TOPIX Small 2
68480,2026-08-07,2026-06-30,1QFinancialStatements_Consolidated_JP,1Q,83000000.0,57000000.0,3946000000.0,56000000.0,23481000000.0,0.791,,0.45614035087719307,3789000000.0,0.04143573502243325,0.021033958438925495,0.0023849069460414804,0.00791,,-
68530,2026-08-07,2026-06-30,2QFinancialStatements_Consolidated_JP,2Q,526000000.0,747000000.0,8027000000.0,506000000.0,18748000000.0,0.773,,-0.2958500669344043,8060000000.0,-0.004094292803970223,0.065528840164445,0.026989545551525496,0.00773,,-
68550,2026-08-07,2026-06-30,1QFinancialStatements_Consolidated_JP,1Q,3094000000.0,1475000000.0,9641000000.0,2169000000.0,46434000000.0,0.782,,1.0976271186440676,5437000000.0,0.7732205260253817,0.3209210662794316,0.04671146142912521,0.00782,,TOPIX Small 2
68560,2026-08-07,2026-06-30,2QFinancialStatements_Consolidated_JP,2Q,30488000000.0,21893000000.0,179853000000.0,21806000000.0,365264000000.0,0.671,,0.3925912392088795,148943000000.0,0.20752905473906136,0.16951621602086148,0.05969928599588243,0.006710000000000001,,TOPIX Mid400
68630,2026-08-07,2026-06-30,1QFinancialStatements_Consolidated_JP,1Q,236000000.0,145000000.0,2945000000.0,149000000.0,16908000000.0,0.828,,0.6275862068965516,2283000000.0,0.2899693385895752,0.08013582342954159,0.008812396498698841,0.00828,,-
68690,2026-08-07,2026-06-30,1QFinancialStatements_Consolidated_IFRS,1Q,14821000000.0,10628000000.0,130674000000.0,8691000000.0,486181000000.0,0.65,,0.39452389913436203,105731000000.0,0.2359099980138275,0.11341965501936116,0.017876058504960088,0.006500000000000001,,TOPIX Mid400
68990,2026-08-07,2026-06-30,1QFinancialStatements_Consolidated_JP,1Q,159000000.0,247000000.0,15078000000.0,64000000.0,25174000000.0,0.556,,-0.35627530364372473,15295000000.0,-0.014187643020594942,0.01054516514126542,0.002542305553348693,0.005560000000000001,,-
69070,2026-08-07,2026-06-30,1QFinancialStatements_NonConsolidated_JP,1Q,169000000.0,156000000.0,1420000000.0,129000000.0,10379000000.0,0.551,,0.08333333333333326,1359000000.0,0.04488594554819714,0.11901408450704225,0.012428943058098083,0.00551,,-
69150,2026-08-07,2026-06-30,2QFinancialStatements_Consolidated_JP,2Q,1589000000.0,1377000000.0,19626000000.0,2071000000.0,38766000000.0,0.797,,0.1539578794480756,18314000000.0,0.07163918313858253,0.08096402731071028,0.05342310271887737,0.00797,,TOPIX Small 2
69190,2026-08-07,2026-06-30,1QFinancialStatements_Consolidated_JP,1Q,80000000.0,15000000.0,3524000000.0,27000000.0,15234000000.0,0.787,,4.333333333333333,2945000000.0,0.19660441426146003,0.022701475595913734,0.0017723513194170934,0.00787,,-
69290,2026-08-07,2026-06-30,2QFinancialStatements_Consolidated_JP,2Q,3147000000.0,3151000000.0,13692000000.0,2638000000.0,48511000000.0,0.846,,-0.0012694382735639609,13677000000.0,0.001096731739416601,0.22984224364592462,0.054379419100822494,0.00846,,TOPIX Small 1
69640,2026-08-07,2026-06-30,1QFinancialStatements_Consolidated_JP,1Q,355000000.0,102000000.0,4848000000.0,216000000.0,16373000000.0,0.695,,2.480392156862745,4179000000.0,0.16008614501076823,0.07322607260726073,0.013192450986380016,0.00695,,-
69820,2026-08-07,2026-06-30,1QFinancialStatements_NonConsolidated_JP,1Q,-29000000.0,-69000000.0,1478000000.0,-13000000.0,2522000000.0,0.296,,-0.5797101449275363,897000000.0,0.6477146042363433,-0.01962110960757781,-0.005154639175257732,0.00296,,-
69860,2026-08-07,2026-06-30,1QFinancialStatements_Consolidated_JP,1Q,-335000000.0,-604000000.0,10841000000.0,-1447000000.0,94583000000.0,0.752,,-0.445364238410596,10411000000.0,0.04130246854288733,-0.030901208375611108,-0.015298732330334203,0.00752,,TOPIX Small 2
69890,2026-08-07,2026-06-30,1QFinancialStatements_Consolidated_JP,1Q,420000000.0,649000000.0,11497000000.0,175000000.0,25986000000.0,0.549,,-0.35285053929121724,10094000000.0,0.13899346146225477,0.03653126902670262,0.006734395443700454,0.00549,,-
69930,2026-08-07,2026-06-30,1QFinancialStatements_Consolidated_JP,1Q,133000000.0,-283000000.0,3651000000.0,121000000.0,6057000000.0,0.53,,9.99,2459000000.0,0.48474989833265547,0.03642837578745549,0.019976886247317152,0.0053,,-
69970,2026-08-07,2026-06-30,1QFinancialStatements_Consolidated_JP,1Q,1673000000.0,152000000.0,37987000000.0,867000000.0,61216000000.0,0.353,,10.006578947368421,30885000000.0,0.22994981382548163,0.04404138257825045,0.014162963930998432,0.0035299999999999997,,TOPIX Small 2
70210,2026-08-07,2026-06-30,1QFinancialStatements_Consolidated_JP,1Q,80000000.0,111000000.0,2509000000.0,121000000.0,12703000000.0,0.704,,-0.2792792792792793,2697000000.0,-0.06970708194289954,0.03188521323236349,0.009525308982130205,0.007039999999999999,,-
70300,2026-08-07,2026-06-30,3QFinancialStatements_Consolidated_JP,3Q,1468000000.0,761000000.0,27268000000.0,899000000.0,10203000000.0,0.468,,0.9290407358738502,24915000000.0,0.09444109973911297,0.05383599823969488,0.08811133980201902,0.00468,,-
70400,2026-08-07,2026-06-30,1QFinancialStatements_Consolidated_JP,1Q,162000000.0,255000000.0,3430000000.0,107000000.0,6944000000.0,0.193,,-0.3647058823529412,3350000000.0,0.023880597014925398,0.04723032069970846,0.015408986175115207,0.00193,,-
70430,2026-08-07,2026-06-30,2QFinancialStatements_Consolidated_JP,2Q,322000000.0,146000000.0,1983000000.0,146000000.0,1548000000.0,0.617,,1.2054794520547945,1736000000.0,0.14228110599078336,0.16238023197175996,0.09431524547803617,0.00617,,-
70600,2026-08-07,2026-06-30,1QFinancialStatements_Consolidated_JP,1Q,204000000.0,183000000.0,6968000000.0,86000000.0,2907000000.0,0.373,,0.11475409836065564,6373000000.0,0.09336262356817815,0.029276693455797934,0.02958376332989336,0.00373,,-
70670,2026-08-07,2026-06-30,1QFinancialStatements_Consolidated_JP,1Q,-3000000.0,-9000000.0,1036000000.0,1000000.0,1239000000.0,0.569,,-0.6666666666666667,1069000000.0,-0.030869971936389184,-0.0028957528957528956,0.0008071025020177562,0.00569,,-
70790,2026-08-07,2026-06-30,1QFinancialStatements_NonConsolidated_JP,1Q,199000000.0,235000000.0,1153000000.0,137000000.0,4692000000.0,0.8,,-0.15319148936170213,1257000000.0,-0.0827366746221162,0.17259323503902863,0.029198635976129584,0.008,,-
71870,2026-08-07,2026-06-30,1QFinancialStatements_Consolidated_JP,1Q,900000000.0,972000000.0,5796000000.0,525000000.0,7370000000.0,0.338,,-0.07407407407407407,4711000000.0,0.2303120356612185,0.15527950310559005,0.07123473541383989,0.00338,,TOPIX Small 2
71920,2026-08-07,2026-06-30,1QFinancialStatements_Consolidated_JP,1Q,456000000.0,339000000.0,2072000000.0,291000000.0,9414000000.0,0.391,,0.34513274336283195,1846000000.0,0.12242686890574217,0.22007722007722008,0.030911408540471638,0.00391,,-
72130,2026-08-07,2026-06-30,1QFinancialStatements_Consolidated_JP,1Q,547000000.0,-409000000.0,6091000000.0,600000000.0,11079000000.0,0.579,,9.99,3509000000.0,0.7358221715588487,0.08980462978164505,0.05415651232060655,0.00579,,-
72140,2026-08-07,2026-06-30,1QFinancialStatements_Consolidated_JP,1Q,709000000.0,262000000.0,27285000000.0,437000000.0,33611000000.0,0.233,,1.7061068702290076,24532000000.0,0.11222077286809062,0.025984973428623787,0.013001695873374788,0.00233,,-
72170,2026-08-07,2026-06-30,1QFinancialStatements_Consolidated_JP,1Q,271000000.0,56000000.0,1632000000.0,250000000.0,6935000000.0,0.761,,3.8392857142857144,1360000000.0,0.19999999999999996,0.16605392156862744,0.03604902667627974,0.0076100000000000004,,-
72350,2026-08-07,2026-06-30,1QFinancialStatements_Consolidated_JP,1Q,703000000.0,729000000.0,9238000000.0,566000000.0,26616000000.0,0.731,,-0.03566529492455417,8714000000.0,0.060133119118659595,0.07609872266724399,0.021265404268109408,0.00731,,-
72440,2026-08-07,2026-06-30,2QFinancialStatements_Consolidated_JP,2Q,3759000000.0,2684000000.0,59772000000.0,3759000000.0,84056000000.0,0.643,,0.4005216095380031,55546000000.0,0.07608108594678287,0.062888978116844,0.044720186542305126,0.00643,,TOPIX Small 2
72450,2026-08-07,2026-06-30,1QFinancialStatements_Consolidated_JP,1Q,2017000000.0,1832000000.0,35333000000.0,1020000000.0,91194000000.0,0.389,,0.10098253275109181,33516000000.0,0.05421291323546962,0.0570854442023038,0.011184946378051187,0.0038900000000000002,,TOPIX Small 2
72470,2026-08-07,2026-06-30,1QFinancialStatements_Consolidated_JP,1Q,1103000000.0,1318000000.0,27008000000.0,577000000.0,42185000000.0,0.368,,-0.16312594840667682,24589000000.0,0.09837732319329784,0.04083975118483412,0.01367784757615266,0.00368,,-
72640,2026-08-07,2026-06-30,1QFinancialStatements_Consolidated_JP,1Q,143000000.0,291000000.0,5808000000.0,139000000.0,22862000000.0,0.761,,-0.5085910652920962,5738000000.0,0.012199372603694636,0.02462121212121212,0.0060799580089231035,0.0076100000000000004,,-
72660,2026-08-07,2026-06-30,1QFinancialStatements_Consolidated_JP,1Q,519000000.0,29000000.0,21495000000.0,396000000.0,57085000000.0,0.736,,16.896551724137932,20963000000.0,0.025378047035252482,0.024145150034891837,0.00693702373653324,0.00736,,-
72870,2026-08-07,2026-06-30,1QFinancialStatements_Consolidated_IFRS,1Q,2191000000.0,1522000000.0,83252000000.0,1517000000.0,235808000000.0,0.676,,0.43955321944809467,76224000000.0,0.09220193115029396,0.026317686061596117,0.006433199891437102,0.00676,,-
72910,2026-08-07,2026-06-30,1QFinancialStatements_Consolidated_JP,1Q,86000000.0,679000000.0,29658000000.0,-154000000.0,37753000000.0,0.44,,-0.8733431516936672,29292000000.0,0.01249487914789027,0.0028997235147346415,-0.004079146028130215,0.0044,,-
72940,2026-08-07,2026-06-30,1QFinancialStatements_Consolidated_JP,1Q,755000000.0,341000000.0,44548000000.0,572000000.0,64879000000.0,0.403,,1.2140762463343107,41428000000.0,0.07531138360529122,0.016948011134057646,0.008816412090198678,0.004030000000000001,,TOPIX Small 2
73050,2026-08-07,2026-06-30,1QFinancialStatements_Consolidated_JP,1Q,746000000.0,607000000.0,10868000000.0,590000000.0,34877000000.0,0.569,,0.2289950576606261,10296000000.0,0.05555555555555558,0.06864188443135812,0.016916592596840325,0.00569,,-
73130,2026-08-07,2026-06-30,1QFinancialStatements_Consolidated_IFRS,1Q,1732000000.0,1517000000.0,112845000000.0,1598000000.0,325864000000.0,0.747,,0.14172709294660524,102698000000.0,0.09880426103721596,0.015348486862510523,0.0049038862838484765,0.00747,,TOPIX Mid400
73140,2026-08-07,2026-06-30,2QFinancialStatements_Consolidated_JP,2Q,-117000000.0,-136000000.0,2206000000.0,-144000000.0,3867000000.0,0.604,,-0.13970588235294112,4309000000.0,-0.4880482710605709,-0.053037171350861285,-0.037238169123351435,0.00604,,-
73180,2026-08-07,2026-06-30,1QFinancialStatements_Consolidated_JP,1Q,530000000.0,529000000.0,15872000000.0,321000000.0,18989000000.0,0.227,,0.001890359168241984,9345000000.0,0.6984483681112894,0.033392137096774195,0.016904523671599347,0.00227,,-
73580,2026-08-07,2026-06-30,2QFinancialStatements_Consolidated_JP,2Q,1538000000.0,938000000.0,18609000000.0,1069000000.0,9891000000.0,0.548,,0.6396588486140724,17212000000.0,0.08116430397397156,0.08264818098769412,0.10807805075320999,0.0054800000000000005,,TOPIX Small 2
73770,2026-08-07,2026-06-30,FYFinancialStatements_Consolidated_JP,FY,1465000000.0,2715000000.0,38064000000.0,945000000.0,17165000000.0,0.617,2600000000.0,-0.46040515653775327,36975000000.0,0.029452332657200708,0.03848781000420345,0.05505388872706088,0.00617,0.7747440273037542,-
73990,2026-08-07,2026-06-30,1QFinancialStatements_Consolidated_JP,1Q,-55000000.0,-6000000.0,2166000000.0,-23000000.0,11954000000.0,0.855,,8.166666666666666,2308000000.0,-0.06152512998266901,-0.025392428439519853,-0.0019240421616195415,0.00855,,-
74130,2026-08-07,2026-06-30,1QFinancialStatements_Consolidated_JP,1Q,-16000000.0,-6000000.0,1149000000.0,-11000000.0,1184000000.0,0.381,,1.6666666666666665,1180000000.0,-0.02627118644067794,-0.01392515230635335,-0.009290540540540541,0.00381,,-
74140,2026-08-07,2026-06-30,1QFinancialStatements_Consolidated_JP,1Q,1111000000.0,1208000000.0,61559000000.0,877000000.0,93706000000.0,0.477,,-0.08029801324503316,62183000000.0,-0.010034896997571652,0.018047726571256844,0.00935905918511088,0.00477,,TOPIX Small 2
74160,2026-08-07,2026-06-30,1QFinancialStatements_Consolidated_JP,1Q,-543000000.0,-683000000.0,7105000000.0,-549000000.0,21966000000.0,0.574,,-0.20497803806734993,7485000000.0,-0.05076820307281227,-0.07642505277973258,-0.02499317126468178,0.0057399999999999994,,-
74170,2026-08-07,2026-06-30,1QFinancialStatements_Consolidated_JP,1Q,747000000.0,713000000.0,8947000000.0,669000000.0,27853000000.0,0.665,,0.04768583450210384,8454000000.0,0.05831559025313471,0.08349167318654298,0.02401895666535023,0.0066500000000000005,,-
74250,2026-08-07,2026-06-30,2QFinancialStatements_Consolidated_JP,2Q,470000000.0,585000000.0,17140000000.0,404000000.0,11437000000.0,0.481,,-0.19658119658119655,17197000000.0,-0.00331453160434958,0.027421236872812137,0.03532394858791641,0.00481,,-
74260,2026-08-07,2026-06-30,1QFinancialStatements_Consolidated_JP,1Q,-145000000.0,-81000000.0,995000000.0,-146000000.0,1721000000.0,0.375,,0.7901234567901234,1109000000.0,-0.1027953110910731,-0.1457286432160804,-0.08483439860546194,0.00375,,-
74380,2026-08-07,2026-06-30,1QFinancialStatements_Consolidated_JP,1Q,1220000000.0,904000000.0,22365000000.0,806000000.0,40726000000.0,0.583,,0.3495575221238938,20170000000.0,0.10882498760535442,0.05454951933825173,0.019790797033835877,0.005829999999999999,,TOPIX Small 2
74410,2026-08-07,2026-06-30,1QFinancialStatements_Consolidated_JP,1Q,307000000.0,58000000.0,15352000000.0,274000000.0,21775000000.0,0.487,,4.293103448275862,14586000000.0,0.05251611133964085,0.019997394476289735,0.012583237657864524,0.00487,,
74430,2026-08-07,2026-06-30,1QFinancialStatements_NonConsolidated_JP,1Q,59000000.0,57000000.0,5126000000.0,61000000.0,2696000000.0,0.475,,0.03508771929824572,4849000000.0,0.05712518044957715,0.01150994927818962,0.022626112759643918,0.00475,,-
74560,2026-08-07,2026-06-30,1QFinancialStatements_Consolidated_JP,1Q,10315000000.0,3743000000.0,208650000000.0,7623000000.0,126062000000.0,0.59,,1.75581084691424,146627000000.0,0.4229984927741821,0.04943685597891205,0.06047024480017769,0.0059,,TOPIX Small 1
74660,2026-08-07,2026-06-30,1QFinancialStatements_Consolidated_JP,1Q,1049000000.0,798000000.0,19555000000.0,705000000.0,29667000000.0,0.629,,0.3145363408521302,17945000000.0,0.08971858456394544,0.053643569419585785,0.023763777935079382,0.0062900000000000005,,TOPIX Small 2
74720,2026-08-07,2026-06-30,1QFinancialStatements_Consolidated_JP,1Q,462000000.0,416000000.0,8060000000.0,348000000.0,21978000000.0,0.746,,0.11057692307692313,7539000000.0,0.06910730866162629,0.05732009925558312,0.015834015834015835,0.00746,,-
74820,2026-08-07,2026-06-30,1QFinancialStatements_Consolidated_JP,1Q,1640000000.0,658000000.0,18446000000.0,1146000000.0,37328000000.0,0.822,,1.492401215805471,15167000000.0,0.2161930507021823,0.08890816437167949,0.030700814402057436,0.00822,,TOPIX Small 2
74900,2026-08-07,2026-06-30,1QFinancialStatements_Consolidated_JP,1Q,69000000.0,31000000.0,8530000000.0,86000000.0,26916000000.0,0.632,,1.225806451612903,9736000000.0,-0.12387017255546429,0.008089097303634232,0.003195125575865656,0.00632,,-
75000,2026-08-07,2026-06-30,FYFinancialStatements_NonConsolidated_JP,FY,4433000000.0,3757000000.0,45220000000.0,3293000000.0,25622000000.0,0.602,4000000000.0,0.17993079584775096,38719000000.0,0.16790206358635285,0.09803184431667404,0.12852236359378658,0.00602,-0.09767651703135571,-
75090,2026-08-07,2026-06-30,1QFinancialStatements_Consolidated_JP,1Q,172000000.0,119000000.0,8888000000.0,93000000.0,17036000000.0,0.598,,0.4453781512605042,8904000000.0,-0.0017969451931716396,0.01935193519351935,0.005459027940831181,0.00598,,-
75230,2026-08-07,2026-06-30,1QFinancialStatements_Consolidated_JP,1Q,593000000.0,594000000.0,2814000000.0,299000000.0,16329000000.0,0.438,,-0.0016835016835017313,2526000000.0,0.11401425178147262,0.2107320540156361,0.01831098046420479,0.00438,,-
75250,2026-08-07,2026-06-30,1QFinancialStatements_Consolidated_JP,1Q,874000000.0,639000000.0,13597000000.0,636000000.0,29349000000.0,0.629,,0.3677621283255086,12340000000.0,0.10186385737439219,0.06427888504817239,0.021670244301339056,0.0062900000000000005,,TOPIX Small 2
75270,2026-08-07,2026-06-30,3QFinancialStatements_Consolidated_JP,3Q,181000000.0,-452000000.0,988000000.0,144000000.0,5248000000.0,0.934,,9.99,977000000.0,0.011258955987717423,0.18319838056680163,0.027439024390243903,0.009340000000000001,,TOPIX Small 2
75310,2026-08-07,2026-06-30,2QFinancialStatements_Consolidated_JP,2Q,191000000.0,148000000.0,22756000000.0,131000000.0,16192000000.0,0.495,,0.29054054054054057,26491000000.0,-0.14099128005737793,0.008393390754086833,0.008090415019762846,0.0049499999999999995,,-
75380,2026-08-07,2026-06-30,1QFinancialStatements_Consolidated_JP,1Q,306000000.0,131000000.0,26291000000.0,313000000.0,12738000000.0,0.449,,1.33587786259542,24153000000.0,0.08851902455181548,0.011638963903997566,0.024572146333804366,0.00449,,-
75500,2026-08-07,2026-06-30,1QFinancialStatements_Consolidated_JP,1Q,24815000000.0,15754000000.0,324808000000.0,15172000000.0,355060000000.0,0.357,,0.5751555160594135,290421000000.0,0.11840397216454734,0.07639898032068175,0.042730806060947445,0.00357,,TOPIX Mid400
76060,2026-08-07,2026-06-30,1QFinancialStatements_Consolidated_JP,1Q,3231000000.0,2534000000.0,39789000000.0,2119000000.0,41984000000.0,0.597,,0.2750591949486978,38190000000.0,0.041869599371563204,0.08120334765890071,0.050471608231707314,0.00597,,TOPIX Small 1
76130,2026-08-07,2026-06-30,2QFinancialStatements_Consolidated_JP,2Q,5576000000.0,4776000000.0,150733000000.0,4565000000.0,110627000000.0,0.529,,0.1675041876046901,142914000000.0,0.05471122493247682,0.03699256300876384,0.04126479069304962,0.00529,,TOPIX Small 1
76210,2026-08-07,2026-06-30,1QFinancialStatements_NonConsolidated_JP,1Q,-49000000.0,203000000.0,2672000000.0,-54000000.0,4892000000.0,0.431,,-1.2413793103448276,3365000000.0,-0.20594353640416052,-0.018338323353293412,-0.011038430089942763,0.00431,,-
76340,2026-08-07,2026-06-30,1QFinancialStatements_Consolidated_JP,1Q,409000000.0,380000000.0,3772000000.0,288000000.0,20441000000.0,0.759,,0.07631578947368411,3735000000.0,0.009906291834002712,0.1084305408271474,0.014089330267599433,0.00759,,-
76370,2026-08-07,2026-06-30,1QFinancialStatements_Consolidated_JP,1Q,1378000000.0,385000000.0,21934000000.0,1017000000.0,26172000000.0,0.512,,2.5792207792207793,17059000000.0,0.28577290579752623,0.06282483815081609,0.03885832187070151,0.00512,,TOPIX Small 2
76750,2026-08-07,2026-06-30,2QFinancialStatements_Consolidated_JP,2Q,830000000.0,745000000.0,180997000000.0,677000000.0,35278000000.0,0.314,,0.11409395973154357,172438000000.0,0.04963523121353752,0.004585711365381747,0.01919043029650207,0.00314,,
76810,2026-08-07,2026-06-30,3QFinancialStatements_Consolidated_JP,3Q,644000000.0,474000000.0,36183000000.0,280000000.0,6020000000.0,0.261,,0.3586497890295359,17208000000.0,1.1026847977684797,0.01779841361965564,0.046511627906976744,0.00261,,-
77020,2026-08-07,2026-06-30,1QFinancialStatements_Consolidated_JP,1Q,-121000000.0,-176000000.0,15128000000.0,-379000000.0,41716000000.0,0.503,,-0.3125,15546000000.0,-0.026887945452206408,-0.007998413537810682,-0.009085243072202513,0.00503,,TOPIX Small 2
77090,2026-08-07,2026-06-30,1QFinancialStatements_Consolidated_JP,1Q,-61000000.0,50000000.0,216000000.0,-62000000.0,-14000000.0,-0.017,,-2.2199999999999998,624000000.0,-0.6538461538461539,-0.2824074074074074,4.428571428571429,-0.00017,,-
77160,2026-08-07,2026-06-30,2QFinancialStatements_Consolidated_JP,2Q,10012000000.0,7587000000.0,47234000000.0,8144000000.0,122009000000.0,0.696,,0.3196256754975617,39189000000.0,0.20528719793819694,0.21196595672608715,0.0667491742412445,0.006959999999999999,,-
77170,2026-08-07,2026-06-30,1QFinancialStatements_Consolidated_JP,1Q,275000000.0,-514000000.0,10615000000.0,328000000.0,37365000000.0,0.518,,9.99,7998000000.0,0.32720680170042504,0.025906735751295335,0.008778268433025559,0.005180000000000001,,TOPIX Small 2
77220,2026-08-07,2026-06-30,1QFinancialStatements_Consolidated_JP,1Q,198000000.0,502000000.0,2657000000.0,116000000.0,12882000000.0,0.61,,-0.6055776892430279,3569000000.0,-0.255533762958812,0.07452013549115544,0.009004812917248875,0.0060999999999999995,,-
77270,2026-08-07,2026-06-30,1QFinancialStatements_Consolidated_JP,1Q,34000000.0,589000000.0,3011000000.0,19000000.0,16155000000.0,0.644,,-0.9422750424448217,3669000000.0,-0.17934041973289727,0.011291929591497841,0.0011761064685855771,0.00644,,-
77330,2026-08-07,2026-06-30,1QFinancialStatements_Consolidated_IFRS,1Q,28951000000.0,16597000000.0,240400000000.0,19102000000.0,747902000000.0,0.49,,0.7443513888052058,206512000000.0,0.164097001627024,0.12042845257903494,0.025540779406927644,0.0049,,TOPIX Large70
77400,2026-08-07,2026-06-30,2QFinancialStatements_Consolidated_JP,2Q,7689000000.0,9203000000.0,43281000000.0,6197000000.0,89398000000.0,0.818,,-0.1645115723133761,41714000000.0,0.03756532578990268,0.17765301171414707,0.06931922414371686,0.00818,,TOPIX Small 1
77460,2026-08-07,2026-06-30,1QFinancialStatements_Consolidated_JP,1Q,-132000000.0,-125000000.0,1244000000.0,-108000000.0,2546000000.0,0.3,,0.05600000000000005,915000000.0,0.3595628415300547,-0.10610932475884244,-0.04241948153967007,0.003,,-
77490,2026-08-07,2026-06-30,1QFinancialStatements_Consolidated_JP,1Q,1266000000.0,1022000000.0,6365000000.0,523000000.0,46645000000.0,0.883,,0.23874755381604706,5890000000.0,0.08064516129032251,0.19890023566378634,0.01121234859041698,0.00883,,-
77690,2026-08-07,2026-06-30,1QFinancialStatements_Consolidated_JP,1Q,564000000.0,589000000.0,9015000000.0,376000000.0,34308000000.0,0.685,,-0.04244482173174868,8382000000.0,0.07551896921975665,0.06256239600665557,0.010959542963740236,0.00685,,-
77710,2026-08-07,2026-06-30,1QFinancialStatements_Consolidated_JP,1Q,253000000.0,112000000.0,2530000000.0,232000000.0,2268000000.0,0.348,,1.2589285714285716,1778000000.0,0.4229471316085489,0.1,0.10229276895943562,0.0034799999999999996,,-
77800,2026-08-07,2026-06-30,1QFinancialStatements_Consolidated_JP,1Q,3429000000.0,1961000000.0,32376000000.0,2230000000.0,96246000000.0,0.47,,0.7485976542580317,30251000000.0,0.07024561171531518,0.10591178650852483,0.02316979406936392,0.004699999999999999,,TOPIX Small 1
77910,2026-08-07,2026-06-30,1QFinancialStatements_NonConsolidated_JP,1Q,139000000.0,203000000.0,3003000000.0,86000000.0,4887000000.0,0.427,,-0.3152709359605911,2850000000.0,0.05368421052631578,0.04628704628704629,0.017597708205443013,0.0042699999999999995,,-
77920,2026-08-07,2026-06-30,3QFinancialStatements_NonConsolidated_JP,3Q,1718000000.0,1457000000.0,6861000000.0,1171000000.0,5957000000.0,0.803,,0.17913520933424842,5072000000.0,0.3527208201892744,0.2504008162075499,0.19657545744502267,0.00803,,-
78130,2026-08-07,2026-06-30,FYFinancialStatements_Consolidated_JP,FY,253000000.0,183000000.0,8294000000.0,235000000.0,3386000000.0,0.525,290000000.0,0.3825136612021858,8422000000.0,-0.015198290192353414,0.03050397877984085,0.06940342587123449,0.00525,0.1462450592885376,-
78210,2026-08-07,2026-06-30,FYFinancialStatements_Consolidated_JP,FY,12033000000.0,12026000000.0,71389000000.0,9571000000.0,76179000000.0,0.802,12500000000.0,0.0005820721769498327,64108000000.0,0.11357396892743488,0.1685553796803429,0.12563829926882736,0.008020000000000001,0.03880993933349952,TOPIX Small 1
78220,2026-08-07,2026-06-30,1QFinancialStatements_Consolidated_JP,1Q,272000000.0,-123000000.0,18795000000.0,216000000.0,37464000000.0,0.51,,9.99,17523000000.0,0.0725903098784455,0.01447193402500665,0.005765534913516977,0.0051,,-
78400,2026-08-07,2026-06-30,1QFinancialStatements_Consolidated_JP,1Q,990000000.0,781000000.0,14968000000.0,634000000.0,39884000000.0,0.585,,0.267605633802817,14362000000.0,0.04219468040662866,0.06614110101549973,0.01589609868618995,0.005849999999999999,,TOPIX Small 2
78630,2026-08-07,2026-06-30,1QFinancialStatements_NonConsolidated_JP,1Q,43000000.0,56000000.0,2351000000.0,45000000.0,4759000000.0,0.595,,-0.2321428571428571,2528000000.0,-0.07001582278481011,0.018290089323692044,0.00945576801849128,0.0059499999999999996,,-
78680,2026-08-07,2026-06-30,1QFinancialStatements_Consolidated_JP,1Q,1132000000.0,1455000000.0,7549000000.0,968000000.0,49517000000.0,0.696,,-0.2219931271477663,8148000000.0,-0.07351497299950904,0.149953636243211,0.019548841811902983,0.006959999999999999,,TOPIX Small 2
78710,2026-08-07,2026-06-30,1QFinancialStatements_Consolidated_JP,1Q,552000000.0,384000000.0,10777000000.0,501000000.0,40824000000.0,0.725,,0.4375,9629000000.0,0.11922317997715237,0.05122019114781479,0.012272192827748383,0.0072499999999999995,,-
78740,2026-08-07,2026-06-30,1QFinancialStatements_Consolidated_JP,1Q,704000000.0,1299000000.0,18710000000.0,397000000.0,38758000000.0,0.411,,-0.458044649730562,17335000000.0,0.07931929622151723,0.0376269374665954,0.010243046596831621,0.00411,,TOPIX Small 2
78770,2026-08-07,2026-06-30,1QFinancialStatements_Consolidated_JP,1Q,131000000.0,144000000.0,3068000000.0,102000000.0,7452000000.0,0.732,,-0.09027777777777779,2325000000.0,0.3195698924731183,0.04269882659713168,0.013687600644122383,0.00732,,-
78870,2026-08-07,2026-06-30,1QFinancialStatements_Consolidated_JP,1Q,495000000.0,393000000.0,9793000000.0,362000000.0,27039000000.0,0.571,,0.2595419847328244,6296000000.0,0.5554320203303684,0.05054630858776677,0.01338806908539517,0.00571,,-
78980,2026-08-07,2026-06-30,1QFinancialStatements_Consolidated_JP,1Q,7000000.0,39000000.0,16220000000.0,-119000000.0,45228000000.0,0.415,,-0.8205128205128205,15774000000.0,0.02827437555471035,0.0004315659679408138,-0.0026311134695321484,0.00415,,-
79120,2026-08-07,2026-06-30,1QFinancialStatements_Consolidated_JP,1Q,27876000000.0,22978000000.0,372946000000.0,23576000000.0,1307884000000.0,0.591,,0.2131604143093393,366140000000.0,0.018588518053203718,0.0747454055010645,0.01802606347351906,0.0059099999999999995,,TOPIX Mid400
79140,2026-08-07,2026-06-30,1QFinancialStatements_Consolidated_JP,1Q,752000000.0,463000000.0,23950000000.0,1201000000.0,69696000000.0,0.541,,0.6241900647948164,23872000000.0,0.0032674262734584403,0.03139874739039666,0.017231978879706154,0.005410000000000001,,TOPIX Small 2
79160,2026-08-07,2026-06-30,1QFinancialStatements_Consolidated_JP,1Q,-161000000.0,-99000000.0,3235000000.0,-192000000.0,19998000000.0,0.687,,0.6262626262626263,3350000000.0,-0.03432835820895519,-0.04976816074188563,-0.009600960096009602,0.00687,,-
79320,2026-08-07,2026-06-30,1QFinancialStatements_Consolidated_JP,1Q,883000000.0,1117000000.0,12096000000.0,599000000.0,40764000000.0,0.57,,-0.2094897045658013,12271000000.0,-0.01426126640045633,0.07299933862433862,0.0146943381414974,0.005699999999999999,,-
79370,2026-08-07,2026-06-30,1QFinancialStatements_NonConsolidated_JP,1Q,240000000.0,443000000.0,6313000000.0,180000000.0,69176000000.0,0.975,,-0.45823927765237016,6131000000.0,0.029685206328494473,0.03801679074924758,0.00260205851740488,0.00975,,TOPIX Small 2
79420,2026-08-07,2026-06-30,1QFinancialStatements_Consolidated_JP,1Q,3541000000.0,1253000000.0,40952000000.0,2793000000.0,115875000000.0,0.644,,1.826017557861133,34392000000.0,0.1907420330309375,0.08646708341472945,0.024103559870550163,0.00644,,TOPIX Small 2
79440,2026-08-07,2026-06-30,2QFinancialStatements_Consolidated_JP,2Q,4437000000.0,3825000000.0,51697000000.0,3199000000.0,43777000000.0,0.515,,0.15999999999999992,45806000000.0,0.1286076059904815,0.08582703058204538,0.07307490234598077,0.00515,,TOPIX Small 1
79520,2026-08-07,2026-06-30,1QFinancialStatements_Consolidated_JP,1Q,-256000000.0,-500000000.0,17098000000.0,-116000000.0,46000000000.0,0.578,,-0.488,17792000000.0,-0.03900629496402874,-0.014972511404842672,-0.0025217391304347826,0.0057799999999999995,,TOPIX Small 2
79530,2026-08-07,2026-06-30,1QFinancialStatements_Consolidated_JP,1Q,263000000.0,97000000.0,5818000000.0,175000000.0,10495000000.0,0.599,,1.7113402061855671,5261000000.0,0.10587340809731982,0.04520453764180131,0.016674606955693186,0.00599,,-
79800,2026-08-07,2026-06-30,1QFinancialStatements_NonConsolidated_JP,1Q,150000000.0,7000000.0,3297000000.0,99000000.0,9757000000.0,0.454,,20.428571428571427,2940000000.0,0.12142857142857144,0.04549590536851683,0.010146561443066516,0.00454,,-
79870,2026-08-07,2026-06-30,1QFinancialStatements_Consolidated_JP,1Q,527000000.0,555000000.0,14092000000.0,445000000.0,31397000000.0,0.594,,-0.05045045045045049,14235000000.0,-0.010045662100456654,0.03739710474027817,0.014173328661974073,0.00594,,TOPIX Small 2
79900,2026-08-07,2026-06-30,1QFinancialStatements_Consolidated_JP,1Q,1164000000.0,2373000000.0,33701000000.0,1345000000.0,64818000000.0,0.527,,-0.5094816687737042,31691000000.0,0.06342494714587743,0.03453903445001632,0.020750408837051437,0.00527,,TOPIX Small 1
79940,2026-08-07,2026-06-30,1QFinancialStatements_Consolidated_JP,1Q,3436000000.0,3123000000.0,74041000000.0,2792000000.0,206175000000.0,0.693,,0.10022414345180919,75449000000.0,-0.01866161247995335,0.046406720600748234,0.01354189402206863,0.0069299999999999995,,TOPIX Small 1
80060,2026-08-07,2026-06-30,1QFinancialStatements_Consolidated_JP,1Q,581000000.0,747000000.0,32355000000.0,808000000.0,44771000000.0,0.621,,-0.2222222222222222,30939000000.0,0.04576747794046354,0.017957039097511975,0.01804739675236202,0.00621,,-
80180,2026-08-07,2026-06-30,1QFinancialStatements_Consolidated_JP,1Q,328000000.0,203000000.0,5334000000.0,719000000.0,61198000000.0,0.722,,0.6157635467980296,4856000000.0,0.09843492586490932,0.0614923134608174,0.011748749959148992,0.00722,,TOPIX Small 2
80220,2026-08-07,2026-06-30,1QFinancialStatements_Consolidated_JP,1Q,8360000000.0,6281000000.0,71505000000.0,6028000000.0,179186000000.0,0.712,,0.33099824868651484,63528000000.0,0.12556667925953913,0.11691490105587021,0.03364102106191332,0.00712,,TOPIX Small 1
80250,2026-08-07,2026-06-30,1QFinancialStatements_Consolidated_JP,1Q,-125000000.0,-214000000.0,2670000000.0,-80000000.0,17349000000.0,0.517,,-0.4158878504672897,2204000000.0,0.21143375680580756,-0.04681647940074907,-0.004611216784829097,0.00517,,-
80320,2026-08-07,2026-06-30,1QFinancialStatements_Consolidated_JP,1Q,3149000000.0,2428000000.0,156281000000.0,1814000000.0,143190000000.0,0.317,,0.29695222405271826,144739000000.0,0.07974353836906434,0.02014960231889993,0.012668482435924297,0.00317,,TOPIX Small 2
80500,2026-08-07,2026-06-30,1QFinancialStatements_Consolidated_JP,1Q,15440000000.0,8176000000.0,99089000000.0,11197000000.0,191938000000.0,0.467,,0.888454011741683,77114000000.0,0.28496771014342404,0.1558195157888363,0.05833654617636945,0.0046700000000000005,,TOPIX Small 1
80610,2026-08-07,2026-06-30,1QFinancialStatements_Consolidated_JP,1Q,2543000000.0,1592000000.0,27738000000.0,2757000000.0,53781000000.0,0.292,,0.5973618090452262,25569000000.0,0.08482928546286517,0.09167928473574158,0.051263457354827915,0.00292,,TOPIX Small 1
80740,2026-08-07,2026-06-30,1QFinancialStatements_Consolidated_JP,1Q,3335000000.0,2152000000.0,131560000000.0,2095000000.0,124482000000.0,0.431,,0.5497211895910781,116596000000.0,0.1283405948746097,0.025349650349650348,0.01682974245272409,0.00431,,TOPIX Small 1
80780,2026-08-07,2026-06-30,1QFinancialStatements_Consolidated_JP,1Q,20572000000.0,14591000000.0,718573000000.0,11488000000.0,441860000000.0,0.353,,0.4099102186279213,639865000000.0,0.12300719683058148,0.02862896323685972,0.025999185262300276,0.0035299999999999997,,TOPIX Small 1
80890,2026-08-07,2026-06-30,1QFinancialStatements_Consolidated_JP,1Q,443000000.0,448000000.0,62734000000.0,147000000.0,65761000000.0,0.328,,-0.011160714285714302,59536000000.0,0.0537153990862671,0.007061561513692734,0.002235367467039735,0.00328,,-
80910,2026-08-07,2026-06-30,1QFinancialStatements_Consolidated_JP,1Q,806000000.0,1033000000.0,37757000000.0,728000000.0,34958000000.0,0.351,,-0.21974830590513073,35305000000.0,0.06945191899164427,0.02134703498688985,0.020824989987985584,0.0035099999999999997,,-
80930,2026-08-07,2026-06-30,1QFinancialStatements_Consolidated_JP,1Q,449000000.0,734000000.0,15463000000.0,634000000.0,32826000000.0,0.559,,-0.388283378746594,16041000000.0,-0.03603266629262514,0.02903705619866779,0.019313958447572048,0.00559,,TOPIX Small 2
81040,2026-08-07,2026-06-30,1QFinancialStatements_Consolidated_JP,1Q,137000000.0,63000000.0,15008000000.0,127000000.0,17136000000.0,0.378,,1.1746031746031744,14496000000.0,0.03532008830022071,0.009128464818763326,0.007411297852474323,0.00378,,-
81180,2026-08-07,2026-06-30,1QFinancialStatements_Consolidated_JP,1Q,160000000.0,182000000.0,1856000000.0,164000000.0,23366000000.0,0.873,,-0.1208791208791209,1849000000.0,0.0037858301784747805,0.08620689655172414,0.007018745185311992,0.00873,,-
81230,2026-08-07,2026-06-30,1QFinancialStatements_Consolidated_JP,1Q,-154000000.0,23000000.0,2812000000.0,-81000000.0,7549000000.0,0.594,,-7.695652173913044,3048000000.0,-0.07742782152230976,-0.05476529160739687,-0.010729897999735064,0.00594,,-
81310,2026-08-07,2026-06-30,1QFinancialStatements_Consolidated_JP,1Q,3173000000.0,3559000000.0,82331000000.0,2723000000.0,105797000000.0,0.522,,-0.10845743186288281,78430000000.0,0.049738620425857416,0.038539553752535496,0.02573796988572455,0.00522,,TOPIX Small 2
81350,2026-08-07,2026-06-30,1QFinancialStatements_Consolidated_JP,1Q,434000000.0,328000000.0,15586000000.0,312000000.0,15323000000.0,0.46,,0.32317073170731714,14473000000.0,0.0769018171768121,0.02784550237392532,0.020361547999738955,0.0046,,-
81390,2026-08-07,2026-06-30,1QFinancialStatements_Consolidated_JP,1Q,82000000.0,41000000.0,6245000000.0,8000000.0,13931000000.0,0.443,,1.0,5674000000.0,0.10063447303489603,0.013130504403522819,0.0005742588471753643,0.00443,,-
81440,2026-08-07,2026-06-30,1QFinancialStatements_Consolidated_JP,1Q,-321000000.0,-144000000.0,13782000000.0,-323000000.0,27212000000.0,0.749,,1.2291666666666665,12370000000.0,0.11414713015359745,-0.02329124945581193,-0.011869763339703071,0.00749,,-
81470,2026-08-07,2026-06-30,1QFinancialStatements_Consolidated_JP,1Q,206000000.0,68000000.0,6683000000.0,185000000.0,13957000000.0,0.652,,2.0294117647058822,4956000000.0,0.3484665052461662,0.030824480023941343,0.013254997492297771,0.006520000000000001,,-
81530,2026-08-07,2026-06-30,1QFinancialStatements_Consolidated_JP,1Q,811000000.0,1722000000.0,24636000000.0,583000000.0,58944000000.0,0.68,,-0.5290360046457607,23787000000.0,0.03569176440913102,0.03291930508199383,0.009890743756786101,0.0068000000000000005,,TOPIX Small 1
81630,2026-08-07,2026-06-30,1QFinancialStatements_Consolidated_JP,1Q,267000000.0,577000000.0,19028000000.0,147000000.0,18287000000.0,0.39,,-0.537261698440208,17874000000.0,0.06456305247846039,0.014031952911498844,0.008038497293159075,0.0039000000000000003,,TOPIX Small 2
81650,2026-08-07,2026-06-30,2QFinancialStatements_Consolidated_JP,2Q,-1090000000.0,-1346000000.0,19815000000.0,117000000.0,17181000000.0,0.71,,-0.1901931649331352,21273000000.0,-0.06853758285150191,-0.055008831693161744,0.006809848088004191,0.0070999999999999995,,TOPIX Small 2
81790,2026-08-07,2026-06-30,2QFinancialStatements_Consolidated_JP,2Q,3315000000.0,3195000000.0,82275000000.0,2201000000.0,56795000000.0,0.42,,0.03755868544600949,78805000000.0,0.04403273903940108,0.040291704649042845,0.038753411391847875,0.0042,,TOPIX Small 1
82070,2026-08-07,2026-06-30,1QFinancialStatements_Consolidated_JP,1Q,-75000000.0,24000000.0,3066000000.0,-76000000.0,2665000000.0,0.404,,-4.125,3040000000.0,0.008552631578947478,-0.02446183953033268,-0.02851782363977486,0.00404,,-
82140,2026-08-07,2026-06-30,1QFinancialStatements_Consolidated_JP,1Q,1180000000.0,2356000000.0,43045000000.0,318000000.0,140310000000.0,0.679,,-0.4991511035653651,43741000000.0,-0.01591184472234286,0.02741317226158671,0.0022664100919392773,0.006790000000000001,,TOPIX Small 1
82260,2026-08-07,2026-06-30,1QFinancialStatements_Consolidated_JP,1Q,252000000.0,236000000.0,7195000000.0,81000000.0,6032000000.0,0.434,,0.06779661016949157,6163000000.0,0.16745091676131763,0.035024322446143154,0.013428381962864722,0.00434,,-
85080,2026-08-07,2026-06-30,2QFinancialStatements_Consolidated_IFRS,2Q,7286000000.0,4586000000.0,62405000000.0,6128000000.0,182084000000.0,0.127,,0.5887483645878762,60742000000.0,0.027378090942017153,0.11675346526720615,0.03365479668724325,0.00127,,-
85930,2026-08-07,2026-06-30,1QFinancialStatements_Consolidated_JP,1Q,47104000000.0,82487000000.0,539102000000.0,31609000000.0,2028299000000.0,0.151,,-0.4289524409907015,584500000000.0,-0.07766980325064154,0.08737493090361378,0.015583994273033709,0.00151,,TOPIX Mid400
85940,2026-08-07,2026-06-30,2QFinancialStatements_NonConsolidated_JP,2Q,872000000.0,1279000000.0,26460000000.0,791000000.0,14139000000.0,0.094,,-0.3182173573103988,25480000000.0,0.03846153846153855,0.03295540438397581,0.05594455053398401,0.00094,,
86160,2026-08-07,2026-06-30,1QFinancialStatements_Consolidated_JP,1Q,8090000000.0,392000000.0,30072000000.0,7192000000.0,212691000000.0,0.136,,19.637755102040817,19619000000.0,0.532799836892808,0.2690210162277201,0.03381431278239324,0.00136,,TOPIX Small 1
86220,2026-08-07,2026-06-30,1QFinancialStatements_NonConsolidated_JP,1Q,1984000000.0,239000000.0,5686000000.0,1508000000.0,43557000000.0,0.508,,7.301255230125523,3319000000.0,0.7131666164507382,0.3489271895884629,0.03462130082420736,0.00508,,TOPIX Small 2
87420,2026-08-07,2026-06-30,1QFinancialStatements_Consolidated_JP,1Q,28000000.0,28000000.0,1198000000.0,99000000.0,10125000000.0,0.406,,0.0,1362000000.0,-0.1204111600587372,0.02337228714524207,0.009777777777777778,0.00406,,-
87470,2026-08-07,2026-06-30,1QFinancialStatements_Consolidated_JP,1Q,390000000.0,857000000.0,1700000000.0,457000000.0,17208000000.0,0.074,,-0.544924154025671,2182000000.0,-0.22089825847846012,0.22941176470588234,0.026557415155741514,0.00074,,-
87710,2026-08-07,2026-06-30,1QFinancialStatements_Consolidated_JP,1Q,1334000000.0,1262000000.0,2800000000.0,953000000.0,21349000000.0,0.701,,0.05705229793977806,2741000000.0,0.0215249908792412,0.4764285714285714,0.04463909316595625,0.00701,,TOPIX Small 1
88010,2026-08-07,2026-06-30,1QFinancialStatements_Consolidated_JP,1Q,103507000000.0,160112000000.0,616930000000.0,75818000000.0,3347662000000.0,0.314,,-0.35353377635655037,802316000000.0,-0.23106357096206487,0.1677775436435252,0.02264804511327607,0.00314,,TOPIX Large70
88020,2026-08-07,2026-06-30,1QFinancialStatements_Consolidated_JP,1Q,121240000000.0,62405000000.0,497685000000.0,95416000000.0,2912852000000.0,0.318,,0.9427930454290521,356954000000.0,0.3942552821932237,0.24360790459829007,0.032756899423657636,0.00318,,TOPIX Large70
88480,2026-08-07,2026-06-30,1QFinancialStatements_Consolidated_JP,1Q,12123000000.0,12206000000.0,115902000000.0,7034000000.0,53244000000.0,0.263,,-0.006799934458463053,111717000000.0,0.037460726657536414,0.10459698710979966,0.13210878221020209,0.00263,,TOPIX Small 1
88500,2026-08-07,2026-06-30,1QFinancialStatements_Consolidated_JP,1Q,7995000000.0,8345000000.0,62214000000.0,5556000000.0,196015000000.0,0.542,,-0.04194128220491311,59415000000.0,0.047109315829336085,0.12850805284984088,0.028344769532943907,0.00542,,TOPIX Small 1
88810,2026-08-07,2026-06-30,1QFinancialStatements_Consolidated_JP,1Q,717000000.0,762000000.0,13632000000.0,310000000.0,71353000000.0,0.5,,-0.05905511811023623,14398000000.0,-0.05320183358799835,0.05259683098591549,0.00434459658318501,0.005,,TOPIX Small 2
88910,2026-08-07,2026-06-30,1QFinancialStatements_Consolidated_JP,1Q,617000000.0,397000000.0,8430000000.0,373000000.0,12296000000.0,0.395,,0.5541561712846348,6879000000.0,0.2254688181421718,0.07319098457888494,0.030335068314899155,0.00395,,-
88970,2026-08-07,2026-06-30,1QFinancialStatements_Consolidated_JP,1Q,3678000000.0,-44000000.0,41058000000.0,2061000000.0,89149000000.0,0.201,,9.99,26330000000.0,0.5593619445499429,0.08958059330702908,0.02311859919909365,0.00201,,TOPIX Small 1
89190,2026-08-07,2026-06-30,1QFinancialStatements_Consolidated_JP,1Q,5562000000.0,4331000000.0,43961000000.0,3678000000.0,53536000000.0,0.533,,0.28422996998383754,35063000000.0,0.2537717822205745,0.1265212347307841,0.06870143454871488,0.0053300000000000005,,TOPIX Small 1
89290,2026-08-07,2026-06-30,2QFinancialStatements_Consolidated_JP,2Q,1758000000.0,2104000000.0,12720000000.0,1139000000.0,12411000000.0,0.401,,-0.1644486692015209,22155000000.0,-0.4258632362897766,0.13820754716981132,0.09177342679880751,0.0040100000000000005,,-
89950,2026-08-07,2026-06-30,1QFinancialStatements_Consolidated_JP,1Q,-13000000.0,-39000000.0,677000000.0,-5000000.0,4154000000.0,0.6,,-0.6666666666666667,425000000.0,0.5929411764705883,-0.019202363367799114,-0.001203659123736158,0.006,,-
89960,2026-08-07,2026-06-30,2QFinancialStatements_Consolidated_JP,2Q,553000000.0,173000000.0,7909000000.0,313000000.0,3956000000.0,0.217,,2.1965317919075145,6867000000.0,0.15174020678607825,0.06992034391199899,0.07912032355915066,0.00217,,-
90050,2026-08-07,2026-06-30,1QFinancialStatements_Consolidated_JP,1Q,31394000000.0,32306000000.0,273467000000.0,36260000000.0,982582000000.0,0.317,,-0.028230050145483854,261358000000.0,0.04633108609646541,0.11479995758171918,0.036902772491252636,0.00317,,TOPIX Mid400
90070,2026-08-07,2026-06-30,1QFinancialStatements_Consolidated_JP,1Q,16340000000.0,15279000000.0,101735000000.0,11622000000.0,509425000000.0,0.363,,0.06944171738988159,98264000000.0,0.03532321094195234,0.1606133582346292,0.022813956912204936,0.00363,,TOPIX Mid400
90340,2026-08-07,2026-06-30,1QFinancialStatements_Consolidated_JP,1Q,570000000.0,540000000.0,4284000000.0,393000000.0,23022000000.0,0.658,,0.05555555555555558,4109000000.0,0.042589437819420706,0.1330532212885154,0.01707062809486578,0.00658,,-
90450,2026-08-07,2026-06-30,1QFinancialStatements_Consolidated_JP,1Q,13128000000.0,12960000000.0,75163000000.0,9355000000.0,350764000000.0,0.363,,0.012962962962963065,72827000000.0,0.03207601576338437,0.17466040472040764,0.026670353856153996,0.00363,,TOPIX Mid400
90490,2026-08-07,2026-06-30,1QFinancialStatements_Consolidated_JP,1Q,634000000.0,769000000.0,3529000000.0,396000000.0,16260000000.0,0.55,,-0.17555266579973994,3766000000.0,-0.062931492299522,0.1796542930008501,0.024354243542435424,0.0055000000000000005,,-
90520,2026-08-07,2026-06-30,1QFinancialStatements_Consolidated_JP,1Q,1637000000.0,1335000000.0,10142000000.0,1183000000.0,64454000000.0,0.487,,0.2262172284644195,9514000000.0,0.06600798822787479,0.16140800631039243,0.01835417507059298,0.00487,,TOPIX Small 2
90570,2026-08-07,2026-06-30,1QFinancialStatements_Consolidated_JP,1Q,802000000.0,785000000.0,12591000000.0,521000000.0,24896000000.0,0.635,,0.021656050955414008,12199000000.0,0.03213378145749646,0.06369629100150902,0.020927056555269923,0.00635,,-
90630,2026-08-07,2026-06-30,1QFinancialStatements_Consolidated_JP,1Q,576000000.0,273000000.0,10010000000.0,671000000.0,27471000000.0,0.534,,1.10989010989011,9575000000.0,0.045430809399477745,0.05754245754245754,0.02442575807214881,0.00534,,-
90720,2026-08-07,2026-06-30,1QFinancialStatements_Consolidated_JP,1Q,4981000000.0,5015000000.0,68510000000.0,1348000000.0,251613000000.0,0.566,,-0.006779661016949157,65826000000.0,0.04077416218515473,0.07270471464019851,0.005357433836884422,0.005659999999999999,,TOPIX Mid400
90720,2026-08-07,2025-12-31,3QFinancialStatements_Consolidated_JP,3Q,17388000000.0,18045000000.0,201375000000.0,11483000000.0,242322000000.0,0.546,,-0.03640897755610972,184962000000.0,0.08873714600836924,0.0863463687150838,0.04738736061934121,0.0054600000000000004,,TOPIX Mid400
90720,2026-08-07,2026-03-31,FYFinancialStatements_Consolidated_JP,FY,23818000000.0,23155000000.0,269862000000.0,17493000000.0,242805000000.0,0.545,26700000000.0,0.028633124595119908,247890000000.0,0.08863608858768002,0.08825992544337476,0.07204546858590227,0.00545,0.1210009236711731,TOPIX Mid400
90740,2026-08-07,2026-06-30,1QFinancialStatements_Consolidated_JP,1Q,69000000.0,220000000.0,9099000000.0,152000000.0,28799000000.0,0.618,,-0.6863636363636363,8752000000.0,0.039648080438756894,0.007583250906693043,0.0052779610403139,0.00618,,-
91040,2026-08-07,2026-06-30,1QFinancialStatements_Consolidated_JP,1Q,38516000000.0,37078000000.0,730987000000.0,61056000000.0,3035960000000.0,0.48,,0.03878310588489131,432704000000.0,0.6893465278804911,0.05269040352290807,0.0201109369029895,0.0048,,TOPIX Large70
91430,2026-08-07,2026-06-30,1QFinancialStatements_Consolidated_JP,1Q,20062000000.0,17454000000.0,447306000000.0,12264000000.0,546731000000.0,0.439,,0.14942133608341934,367404000000.0,0.21747721853872037,0.04485072858401184,0.022431506536121054,0.00439,,TOPIX Mid400
91470,2026-08-07,2026-06-30,2QFinancialStatements_Consolidated_IFRS,2Q,44796000000.0,28790000000.0,1356614000000.0,24282000000.0,855421000000.0,0.355,,0.555956929489406,1271989000000.0,0.06652966338545374,0.03302044649399166,0.02838602278877886,0.0035499999999999998,,TOPIX Mid400
91650,2026-08-07,2026-06-30,FYFinancialStatements_NonConsolidated_JP,FY,489000000.0,384000000.0,4306000000.0,385000000.0,3575000000.0,0.73,500000000.0,0.2734375,4025000000.0,0.06981366459627325,0.1135624709707385,0.1076923076923077,0.0073,0.02249488752556239,-
91710,2026-08-07,2026-06-30,1QFinancialStatements_Consolidated_JP,1Q,-285000000.0,356000000.0,13314000000.0,-189000000.0,34737000000.0,0.414,,-1.800561797752809,13172000000.0,0.010780443364712955,-0.021406038756196486,-0.0054408843596165475,0.00414,,-
92040,2026-08-07,2026-06-30,1QFinancialStatements_NonConsolidated_JP,1Q,-3329000000.0,-1630000000.0,24996000000.0,-2632000000.0,28099000000.0,0.227,,1.0423312883435583,23579000000.0,0.06009584800033929,-0.1331813090094415,-0.09366881383679135,0.00227,,-
92330,2026-08-07,2026-06-30,3QFinancialStatements_Consolidated_JP,3Q,2029000000.0,2314000000.0,30648000000.0,1123000000.0,22323000000.0,0.635,,-0.12316335350043217,30760000000.0,-0.00364109232769827,0.0662033411641869,0.05030685839716884,0.00635,,-
92450,2026-08-07,2026-06-30,2QFinancialStatements_Consolidated_JP,2Q,940000000.0,552000000.0,2894000000.0,649000000.0,3168000000.0,0.352,,0.7028985507246377,2471000000.0,0.17118575475515985,0.32480995162404974,0.2048611111111111,0.0035199999999999997,,-
92490,2026-08-07,2026-06-30,3QFinancialStatements_Consolidated_JP,3Q,1068000000.0,313000000.0,10797000000.0,754000000.0,6272000000.0,0.381,,2.412140575079872,8221000000.0,0.3133438754409439,0.09891636565712698,0.12021683673469388,0.00381,,-
92560,2026-08-07,2026-06-30,1QFinancialStatements_Consolidated_JP,1Q,125000000.0,158000000.0,1290000000.0,73000000.0,2636000000.0,0.744,,-0.2088607594936709,1016000000.0,0.2696850393700787,0.09689922480620156,0.027693474962063733,0.0074399999999999996,,-
92680,2026-08-07,2026-06-30,1QFinancialStatements_Consolidated_IFRS,1Q,3528000000.0,1216000000.0,106641000000.0,924000000.0,43757000000.0,0.19,,1.901315789473684,69111000000.0,0.5430394582627946,0.03308296058739134,0.021116621340585506,0.0019,,-
92730,2026-08-07,2026-06-30,FYFinancialStatements_Consolidated_JP,FY,5476000000.0,5355000000.0,24678000000.0,3748000000.0,31180000000.0,0.789,5270000000.0,0.022595704948646045,23269000000.0,0.060552666638016284,0.22189804684334224,0.12020525978191147,0.007890000000000001,-0.037618699780861964,TOPIX Small 2
93030,2026-08-07,2026-06-30,1QFinancialStatements_Consolidated_JP,1Q,3510000000.0,2739000000.0,50438000000.0,5973000000.0,325457000000.0,0.617,,0.2814895947426068,47875000000.0,0.05353524804177545,0.06959038819937349,0.018352654882211782,0.00617,,TOPIX Small 1
93040,2026-08-07,2026-06-30,1QFinancialStatements_Consolidated_JP,1Q,1195000000.0,1011000000.0,20930000000.0,2998000000.0,71910000000.0,0.557,,0.18199802176063296,20022000000.0,0.04535011487363905,0.05709507883420927,0.04169100264219163,0.00557,,TOPIX Small 2
93050,2026-08-07,2026-06-30,1QFinancialStatements_Consolidated_JP,1Q,441000000.0,2015000000.0,22382000000.0,984000000.0,62646000000.0,0.358,,-0.7811414392059554,22131000000.0,0.01134155709186202,0.019703333035474935,0.015707307729144717,0.00358,,TOPIX Small 2
93080,2026-08-07,2026-06-30,1QFinancialStatements_Consolidated_JP,1Q,1249000000.0,121000000.0,10786000000.0,710000000.0,38246000000.0,0.481,,9.322314049586776,7357000000.0,0.4660867201304879,0.11579825699981458,0.01856403284003556,0.00481,,TOPIX Small 2
93100,2026-08-07,2026-06-30,1QFinancialStatements_Consolidated_JP,1Q,2157000000.0,2105000000.0,32086000000.0,1843000000.0,108281000000.0,0.586,,0.02470308788598574,31002000000.0,0.03496548609767114,0.06722558125038958,0.017020529917529392,0.00586,,TOPIX Small 2
93120,2026-08-07,2026-06-30,1QFinancialStatements_Consolidated_JP,1Q,727000000.0,936000000.0,10923000000.0,1513000000.0,35187000000.0,0.591,,-0.22329059829059827,12274000000.0,-0.11007006680788656,0.06655680673807562,0.042998834796942054,0.0059099999999999995,,-
93190,2026-08-07,2026-06-30,1QFinancialStatements_Consolidated_JP,1Q,641000000.0,627000000.0,7376000000.0,512000000.0,50938000000.0,0.757,,0.022328548644338087,7062000000.0,0.04446332483715665,0.08690347071583514,0.010051435077937885,0.00757,,TOPIX Small 2
93300,2026-08-07,2026-06-30,3QFinancialStatements_NonConsolidated_JP,3Q,-18000000.0,-18000000.0,1205000000.0,-25000000.0,875000000.0,0.77,,0.0,1166000000.0,0.0334476843910807,-0.014937759336099586,-0.02857142857142857,0.0077,,-
93390,2026-08-07,2026-06-30,2QFinancialStatements_Consolidated_JP,2Q,16000000.0,38000000.0,1612000000.0,-4000000.0,3153000000.0,0.709,,-0.5789473684210527,1646000000.0,-0.020656136087484844,0.009925558312655087,-0.0012686330478908975,0.00709,,-
93400,2026-08-07,2026-06-30,FYFinancialStatements_Consolidated_JP,FY,723000000.0,658000000.0,4166000000.0,518000000.0,3244000000.0,0.868,790000000.0,0.09878419452887544,3796000000.0,0.0974710221285564,0.17354776764282284,0.1596794081381011,0.00868,0.09266943291839547,-
93420,2026-08-07,2026-06-30,3QFinancialStatements_NonConsolidated_JP,3Q,124000000.0,195000000.0,2145000000.0,78000000.0,649000000.0,0.696,,-0.36410256410256414,2192000000.0,-0.02144160583941601,0.05780885780885781,0.12018489984591679,0.006959999999999999,,-
93480,2026-08-07,2026-06-30,1QFinancialStatements_Consolidated_JP,1Q,-6397000000.0,-2243000000.0,168000000.0,-6336000000.0,8663000000.0,0.209,,1.8519839500668747,1165000000.0,-0.8557939914163091,-38.07738095238095,-0.7313863557659009,0.00209,,-
93570,2026-08-07,2026-06-30,1QFinancialStatements_Consolidated_JP,1Q,1355000000.0,1767000000.0,20804000000.0,1607000000.0,146011000000.0,0.775,,-0.23316355404640632,20388000000.0,0.020404159309397762,0.06513170544126129,0.011006020094376451,0.00775,,
93590,2026-08-07,2026-06-30,1QFinancialStatements_Consolidated_JP,1Q,584000000.0,868000000.0,13897000000.0,744000000.0,51934000000.0,0.779,,-0.3271889400921659,13870000000.0,0.0019466474405192002,0.0420234583003526,0.014325875149227866,0.00779,,
93600,2026-08-07,2026-06-30,1QFinancialStatements_Consolidated_JP,1Q,-95000000.0,117000000.0,4324000000.0,284000000.0,5462000000.0,0.426,,-1.811965811965812,4486000000.0,-0.03611234953187692,-0.02197039777983349,0.05199560600512633,0.00426,,-
93660,2026-08-07,2026-06-30,1QFinancialStatements_Consolidated_JP,1Q,334000000.0,99000000.0,5448000000.0,208000000.0,12561000000.0,0.458,,2.3737373737373737,4840000000.0,0.12561983471074378,0.06130690161527166,0.016559191147201655,0.00458,,-
94090,2026-08-07,2026-06-30,1QFinancialStatements_Consolidated_JP,1Q,3792000000.0,7296000000.0,81386000000.0,5260000000.0,480809000000.0,0.81,,-0.48026315789473684,80478000000.0,0.011282586545391382,0.04659278008502691,0.010939895051881308,0.008100000000000001,,TOPIX Small 1
94210,2026-08-07,2026-06-30,FYFinancialStatements_Consolidated_JP,FY,183000000.0,51000000.0,9949000000.0,-119000000.0,1595000000.0,0.418,320000000.0,2.588235294117647,9107000000.0,0.09245635225650606,0.01839380842295708,-0.07460815047021943,0.00418,0.7486338797814207,-
94230,2026-08-07,2026-06-30,1QFinancialStatements_Consolidated_JP,1Q,27000000.0,-38000000.0,1163000000.0,13000000.0,691000000.0,0.453,,9.99,1025000000.0,0.1346341463414633,0.023215821152192607,0.01881331403762663,0.00453,,-
94330,2026-08-07,2026-06-30,1QFinancialStatements_Consolidated_IFRS,1Q,314248000000.0,259473000000.0,1487316000000.0,195465000000.0,5646278000000.0,0.272,,0.2111009623351947,1415734000000.0,0.05056175807037189,0.21128529512222016,0.034618380462315176,0.00272,,TOPIX Core30
94460,2026-08-07,2026-06-30,3QFinancialStatements_Consolidated_JP,3Q,1017000000.0,982000000.0,13564000000.0,483000000.0,5080000000.0,0.258,,0.035641547861507084,12425000000.0,0.09167002012072434,0.07497788263049247,0.09507874015748032,0.0025800000000000003,,-
94700,2026-08-07,2026-06-30,3QFinancialStatements_Consolidated_JP,3Q,5861000000.0,5127000000.0,155941000000.0,2650000000.0,61117000000.0,0.371,,0.14316364345621224,146736000000.0,0.06273170864682154,0.03758472755721715,0.04335945808858419,0.0037099999999999998,,TOPIX Small 2
94750,2026-08-07,2026-06-30,1QFinancialStatements_Consolidated_JP,1Q,-157000000.0,-136000000.0,1526000000.0,-129000000.0,14218000000.0,0.75,,0.15441176470588225,1347000000.0,0.1328878990348923,-0.10288335517693316,-0.0090730060486707,0.0075,,-
95020,2026-08-07,2026-06-30,1QFinancialStatements_Consolidated_JP,1Q,-25063000000.0,67932000000.0,825843000000.0,35202000000.0,3240160000000.0,0.415,,-1.3689424718836483,800312000000.0,0.031901308489689084,-0.030348383409437386,0.010864278307244086,0.00415,,TOPIX Mid400
95070,2026-08-07,2026-06-30,1QFinancialStatements_Consolidated_JP,1Q,23511000000.0,22642000000.0,182252000000.0,19732000000.0,491817000000.0,0.284,,0.03838000176662848,175644000000.0,0.037621552686115,0.12900269955885257,0.04012061396820362,0.0028399999999999996,,TOPIX Mid400
95090,2026-08-07,2026-06-30,1QFinancialStatements_Consolidated_JP,1Q,24449000000.0,43898000000.0,214481000000.0,14777000000.0,487874000000.0,0.186,,-0.4430497972572782,202497000000.0,0.05918112367096806,0.1139914491260298,0.030288558111315627,0.0018599999999999999,,TOPIX Mid400
95350,2026-08-07,2026-06-30,1QFinancialStatements_Consolidated_JP,1Q,704000000.0,909000000.0,22353000000.0,384000000.0,74990000000.0,0.571,,-0.22552255225522555,21473000000.0,0.040981697946258056,0.03149465396143694,0.005120682757701027,0.00571,,TOPIX Small 2
95620,2026-08-07,2026-06-30,3QFinancialStatements_Consolidated_JP,3Q,-114000000.0,90000000.0,1049000000.0,-80000000.0,1312000000.0,0.904,,-2.2666666666666666,1389000000.0,-0.24478041756659463,-0.10867492850333652,-0.06097560975609756,0.00904,,-
96160,2026-08-07,2026-06-30,1QFinancialStatements_Consolidated_JP,1Q,4864000000.0,4498000000.0,61142000000.0,3040000000.0,146777000000.0,0.457,,0.08136949755446876,56807000000.0,0.07631101800834394,0.07955251709136109,0.020711691886330964,0.00457,,TOPIX Mid400
96290,2026-08-07,2026-06-30,1QFinancialStatements_Consolidated_JP,1Q,391000000.0,589000000.0,4332000000.0,207000000.0,17352000000.0,0.521,,-0.33616298811544987,3972000000.0,0.0906344410876132,0.09025854108956602,0.011929460580912862,0.00521,,TOPIX Small 2
96350,2026-08-07,2026-06-30,1QFinancialStatements_Consolidated_JP,1Q,19000000.0,4000000.0,286000000.0,15000000.0,3994000000.0,0.632,,3.75,303000000.0,-0.05610561056105612,0.06643356643356643,0.003755633450175263,0.00632,,-
96430,2026-08-07,2026-06-30,1QFinancialStatements_NonConsolidated_JP,1Q,27000000.0,-1000000.0,990000000.0,25000000.0,3633000000.0,0.631,,9.99,912000000.0,0.08552631578947367,0.02727272727272727,0.006881365262868153,0.00631,,
96640,2026-08-07,2026-06-30,1QFinancialStatements_NonConsolidated_JP,1Q,-71000000.0,60000000.0,813000000.0,-78000000.0,4636000000.0,0.806,,-2.1833333333333336,924000000.0,-0.12012987012987009,-0.08733087330873308,-0.016824849007765316,0.008060000000000001,,
96720,2026-08-07,2026-06-30,2QFinancialStatements_Consolidated_JP,2Q,7357000000.0,7079000000.0,19824000000.0,4940000000.0,98337000000.0,0.778,,0.0392710834863681,19298000000.0,0.027256710539952378,0.3711158192090395,0.05023541495062896,0.0077800000000000005,,TOPIX Small 1
96850,2026-08-07,2026-06-30,1QFinancialStatements_Consolidated_JP,1Q,69000000.0,65000000.0,1781000000.0,56000000.0,5269000000.0,0.598,,0.06153846153846154,1708000000.0,0.0427400468384076,0.03874227961819203,0.01062820269500854,0.00598,,-
97020,2026-08-07,2026-06-30,2QFinancialStatements_Consolidated_JP,2Q,1582000000.0,1402000000.0,19171000000.0,1018000000.0,14904000000.0,0.716,,0.1283880171184022,18439000000.0,0.03969846520960996,0.08252047363204841,0.06830381105743424,0.00716,,TOPIX Small 2
97060,2026-08-07,2026-06-30,1QFinancialStatements_Consolidated_JP,1Q,14362000000.0,10204000000.0,74126000000.0,8418000000.0,236501000000.0,0.414,,0.4074872598980792,68997000000.0,0.07433656535791422,0.19375118042252382,0.035593929835391815,0.00414,,TOPIX Mid400
97230,2026-08-07,2026-06-30,1QFinancialStatements_NonConsolidated_JP,1Q,355000000.0,405000000.0,2514000000.0,251000000.0,3609000000.0,0.213,,-0.12345679012345678,2545000000.0,-0.012180746561886058,0.14120922832140015,0.06954835134386257,0.00213,,-
97290,2026-08-07,2026-06-30,1QFinancialStatements_Consolidated_JP,1Q,2072000000.0,1871000000.0,40582000000.0,1438000000.0,85315000000.0,0.725,,0.10742918225547826,39182000000.0,0.035730692664999175,0.0510571189197181,0.016855183730879682,0.0072499999999999995,,TOPIX Small 2
97350,2026-08-07,2026-06-30,1QFinancialStatements_Consolidated_JP,1Q,33466000000.0,32219000000.0,298453000000.0,24096000000.0,1490325000000.0,0.6,,0.0387038703870386,287992000000.0,0.03632392566460174,0.1121315584028306,0.016168285441095064,0.006,,TOPIX Large70
97460,2026-08-07,2026-06-30,3QFinancialStatements_Consolidated_JP,3Q,16532000000.0,13041000000.0,67551000000.0,11750000000.0,111121000000.0,0.855,,0.26769419523042703,59756000000.0,0.13044715175045174,0.24473360868084854,0.10574058908757121,0.00855,,TOPIX Small 1
97530,2026-08-07,2026-06-30,1QFinancialStatements_Consolidated_JP,1Q,621000000.0,612000000.0,6145000000.0,448000000.0,11600000000.0,0.722,,0.014705882352941124,6314000000.0,-0.02676591700981945,0.10105777054515866,0.038620689655172416,0.00722,,-
97570,2026-08-07,2026-06-30,2QFinancialStatements_Consolidated_JP,2Q,4736000000.0,4684000000.0,16825000000.0,3218000000.0,27258000000.0,0.78,,0.01110162254483349,16043000000.0,0.0487440004986599,0.28148588410104014,0.11805708415877908,0.0078000000000000005,,TOPIX Small 1
97900,2026-08-07,2026-06-30,1QFinancialStatements_Consolidated_JP,1Q,1707000000.0,1677000000.0,4084000000.0,1199000000.0,29995000000.0,0.839,,0.017889087656529412,3955000000.0,0.03261694058154241,0.41797257590597453,0.03997332888814802,0.00839,,TOPIX Small 2
97990,2026-08-07,2026-06-30,1QFinancialStatements_NonConsolidated_JP,1Q,323000000.0,267000000.0,4163000000.0,237000000.0,12141000000.0,0.814,,0.20973782771535587,3936000000.0,0.057672764227642226,0.07758827768436224,0.01952063256733383,0.00814,,-
98200,2026-08-07,2026-06-30,1QFinancialStatements_Consolidated_JP,1Q,261000000.0,66000000.0,2056000000.0,163000000.0,4520000000.0,0.722,,2.9545454545454546,976000000.0,1.1065573770491803,0.1269455252918288,0.036061946902654865,0.00722,,-
98230,2026-08-07,2026-06-30,3QFinancialStatements_Consolidated_JP,3Q,6136000000.0,6094000000.0,171674000000.0,4478000000.0,46029000000.0,0.465,,0.006892024942566355,142491000000.0,0.20480591756672362,0.03574216247072941,0.09728649329770363,0.0046500000000000005,,-
98270,2026-08-07,2026-06-30,2QFinancialStatements_NonConsolidated_JP,2Q,-49000000.0,-177000000.0,16378000000.0,-91000000.0,7578000000.0,0.384,,-0.7231638418079096,15364000000.0,0.06599843790679505,-0.0029918182928318476,-0.012008445500131961,0.00384,,-
98300,2026-08-07,2026-06-30,2QFinancialStatements_Consolidated_JP,2Q,12483000000.0,11825000000.0,178204000000.0,8444000000.0,193320000000.0,0.569,,0.055644820295983166,158233000000.0,0.1262126105174015,0.07004893268389037,0.043678874405131386,0.00569,,TOPIX Small 1
98430,2026-08-07,2026-06-30,1QFinancialStatements_Consolidated_IFRS,1Q,36545000000.0,36942000000.0,226259000000.0,25757000000.0,1008407000000.0,0.648,,-0.010746575713280304,231694000000.0,-0.02345766398784599,0.16151843683566178,0.02554226616832291,0.0064800000000000005,,TOPIX Mid400
98570,2026-08-07,2026-06-30,1QFinancialStatements_Consolidated_JP,1Q,575000000.0,423000000.0,10412000000.0,408000000.0,19255000000.0,0.643,,0.3593380614657211,9565000000.0,0.08855201254573974,0.05522474068382635,0.02118930148013503,0.00643,,-
98670,2026-08-07,2026-06-30,1QFinancialStatements_Consolidated_JP,1Q,215000000.0,190000000.0,6234000000.0,142000000.0,12989000000.0,0.584,,0.13157894736842102,6342000000.0,-0.017029328287606393,0.03448829002245749,0.010932327353914851,0.00584,,-
98690,2026-08-07,2026-06-30,3QFinancialStatements_Consolidated_JP,3Q,14428000000.0,14181000000.0,931672000000.0,13656000000.0,181117000000.0,0.371,,0.01741767153233198,908834000000.0,0.025128901427543315,0.015486136751989971,0.07539877537724234,0.0037099999999999998,,TOPIX Small 1
98850,2026-08-07,2026-06-30,1QFinancialStatements_Consolidated_JP,1Q,-123000000.0,-222000000.0,2772000000.0,-124000000.0,12779000000.0,0.778,,-0.44594594594594594,3081000000.0,-0.1002921129503408,-0.044372294372294376,-0.009703419672900853,0.0077800000000000005,,-
98880,2026-08-07,2026-06-30,1QFinancialStatements_Consolidated_JP,1Q,584000000.0,252000000.0,14202000000.0,1884000000.0,19124000000.0,0.358,,1.3174603174603177,12364000000.0,0.14865739242963438,0.04112096887762287,0.09851495503032838,0.00358,,-
98950,2026-08-07,2026-06-30,1QFinancialStatements_Consolidated_JP,1Q,-70000000.0,-76000000.0,2196000000.0,-71000000.0,8017000000.0,0.645,,-0.07894736842105265,2335000000.0,-0.05952890792291221,-0.031876138433515486,-0.008856180616190595,0.00645,,-
98960,2026-08-07,2026-06-30,1QFinancialStatements_Consolidated_JP,1Q,1600000000.0,1451000000.0,102827000000.0,1119000000.0,67387000000.0,0.289,,0.10268780151619583,97219000000.0,0.057684197533403925,0.01556011553385784,0.016605576743288764,0.0028899999999999998,,TOPIX Small 2
99040,2026-08-07,2026-06-30,1QFinancialStatements_NonConsolidated_JP,1Q,66000000.0,-45000000.0,2088000000.0,21000000.0,4241000000.0,0.504,,9.99,1699000000.0,0.2289582107121837,0.031609195402298854,0.004951662343786843,0.00504,,-
99060,2026-08-07,2026-06-30,1QFinancialStatements_Consolidated_JP,1Q,927000000.0,867000000.0,23141000000.0,608000000.0,44206000000.0,0.65,,0.0692041522491349,21507000000.0,0.07597526386757791,0.04005877014822177,0.013753789078405645,0.006500000000000001,,-
99080,2026-08-07,2026-06-30,1QFinancialStatements_Consolidated_JP,1Q,961000000.0,331000000.0,29975000000.0,552000000.0,33845000000.0,0.439,,1.903323262839879,24293000000.0,0.23389453752109657,0.03206005004170142,0.016309646919781356,0.00439,,-
99560,2026-08-07,2026-06-30,1QFinancialStatements_Consolidated_JP,1Q,7398000000.0,7045000000.0,243433000000.0,6365000000.0,208013000000.0,0.359,,0.05010645848119233,221546000000.0,0.09879212443465457,0.030390292195388465,0.03059904909789292,0.00359,,TOPIX Small 1
99600,2026-08-07,2026-06-30,1QFinancialStatements_Consolidated_JP,1Q,2601000000.0,2960000000.0,36691000000.0,1978000000.0,74667000000.0,0.661,,-0.1212837837837838,36161000000.0,0.014656674317635066,0.07088931890654383,0.026490953165387656,0.00661,,TOPIX Small 1
99870,2026-08-07,2026-06-30,1QFinancialStatements_Consolidated_JP,1Q,4190000000.0,5586000000.0,628962000000.0,3381000000.0,415888000000.0,0.348,,-0.24991049051199432,592872000000.0,0.06087317329878972,0.006661769709457805,0.008129592582618398,0.0034799999999999996,,TOPIX Mid400
